,RMSE
"(1, 1, 1)(0, 0, 0, 12)",0.3654614984954705
"(1, 2, 1)(0, 0, 0, 12)",0.3610451443663358
"(1, 1, 2)(0, 0, 0, 12)",0.3478513298711436
"(1, 2, 2)(0, 0, 0, 12)",0.3653575120445813
"(1, 1, 3)(0, 0, 0, 12)",0.3486540536091318
"(1, 2, 3)(0, 0, 0, 12)",0.3507915063915417
"(1, 1, 4)(0, 0, 0, 12)",0.3508800613029817
"(1, 2, 4)(0, 0, 0, 12)",0.3509066130702446
"(1, 1, 5)(0, 0, 0, 12)",0.34268359240285495
"(1, 2, 5)(0, 0, 0, 12)",0.3575298110550869
"(1, 1, 7)(0, 0, 0, 12)",0.3738674897572551
"(1, 2, 7)(0, 0, 0, 12)",0.35103093775134536
"(2, 1, 1)(0, 0, 0, 12)",0.34403731270331084
"(2, 2, 1)(0, 0, 0, 12)",0.34955144540181454
"(2, 1, 2)(0, 0, 0, 12)",0.3405722402919158
"(2, 2, 2)(0, 0, 0, 12)",0.3435785956466874
"(2, 1, 3)(0, 0, 0, 12)",0.34883305283284016
"(2, 2, 3)(0, 0, 0, 12)",0.2971179715030399
"(2, 1, 4)(0, 0, 0, 12)",0.33112278580383153
"(2, 2, 4)(0, 0, 0, 12)",0.33292645546332894
"(2, 1, 5)(0, 0, 0, 12)",0.33014694927638377
"(2, 2, 5)(0, 0, 0, 12)",0.33155050591195195
"(2, 1, 7)(0, 0, 0, 12)",0.34003798939443913
"(2, 2, 7)(0, 0, 0, 12)",0.3545365536979942
"(3, 1, 1)(0, 0, 0, 12)",0.3425879023520714
"(3, 2, 1)(0, 0, 0, 12)",0.34551370679941484
"(3, 1, 2)(0, 0, 0, 12)",0.36210002212363035
"(3, 2, 2)(0, 0, 0, 12)",0.3508147383755833
"(3, 1, 3)(0, 0, 0, 12)",0.29904531939070134
"(3, 2, 3)(0, 0, 0, 12)",0.3476432367350951
"(3, 1, 4)(0, 0, 0, 12)",0.33027104512853767
"(3, 2, 4)(0, 0, 0, 12)",0.33427464354180697
"(3, 1, 5)(0, 0, 0, 12)",0.34462727303503415
"(3, 2, 5)(0, 0, 0, 12)",0.30526217388214055
"(3, 1, 7)(0, 0, 0, 12)",0.3473106310845724
"(3, 2, 7)(0, 0, 0, 12)",0.34769462441037746
"(5, 1, 1)(0, 0, 0, 12)",0.3435453277929127
"(5, 2, 1)(0, 0, 0, 12)",0.34250912137647577
"(5, 1, 2)(0, 0, 0, 12)",0.3419450633970812
"(5, 2, 2)(0, 0, 0, 12)",0.3454415135653091
"(5, 1, 3)(0, 0, 0, 12)",0.3419125957987252
"(5, 2, 3)(0, 0, 0, 12)",0.3328673616685936
"(5, 1, 4)(0, 0, 0, 12)",0.3351148362488549
"(5, 2, 4)(0, 0, 0, 12)",0.3326422452687451
"(5, 1, 5)(0, 0, 0, 12)",0.3013792460975336
"(5, 2, 5)(0, 0, 0, 12)",0.30504281709219944
"(5, 1, 7)(0, 0, 0, 12)",0.3031675671504122
"(5, 2, 7)(0, 0, 0, 12)",0.30113649191289893
"(7, 1, 1)(0, 0, 0, 12)",0.33823301983709847
"(7, 2, 1)(0, 0, 0, 12)",0.3391979289747678
"(7, 1, 2)(0, 0, 0, 12)",0.32730555927293936
"(7, 2, 2)(0, 0, 0, 12)",0.33921725077492554
"(7, 1, 3)(0, 0, 0, 12)",0.3362958498923819
"(7, 2, 3)(0, 0, 0, 12)",0.3086810814945986
"(7, 1, 4)(0, 0, 0, 12)",0.3481154519538276
"(7, 2, 4)(0, 0, 0, 12)",2.547784532819359e+28
"(7, 1, 5)(0, 0, 0, 12)",0.30454629248790527
"(7, 2, 5)(0, 0, 0, 12)",0.2981432548006511
"(7, 1, 7)(0, 0, 0, 12)",0.27799546754810944
"(7, 2, 7)(0, 0, 0, 12)",0.31114903414287537
"(1, 1, 1)(0, 1, 0, 12)",0.24343212562800953
"(1, 2, 1)(0, 1, 0, 12)",0.6356269698894177
"(1, 1, 2)(0, 1, 0, 12)",0.22883000998711756
"(1, 2, 2)(0, 1, 0, 12)",0.8947748482865309
"(1, 1, 3)(0, 1, 0, 12)",0.2614691830855191
"(1, 2, 3)(0, 1, 0, 12)",0.8877353991266682
"(1, 1, 4)(0, 1, 0, 12)",0.3646377791903736
"(1, 2, 4)(0, 1, 0, 12)",0.8950575669850529
"(1, 1, 5)(0, 1, 0, 12)",0.3290794435380849
"(1, 2, 5)(0, 1, 0, 12)",0.23429964336292758
"(1, 1, 7)(0, 1, 0, 12)",0.5900265195938775
"(1, 2, 7)(0, 1, 0, 12)",0.2107302117006033
"(2, 1, 1)(0, 1, 0, 12)",0.2207456957474562
"(2, 2, 1)(0, 1, 0, 12)",0.769381083943897
"(2, 1, 2)(0, 1, 0, 12)",0.3212419195114705
"(2, 2, 2)(0, 1, 0, 12)",0.8643682927690248
"(2, 1, 3)(0, 1, 0, 12)",0.19708279367533077
"(2, 2, 3)(0, 1, 0, 12)",0.84308954729779
"(2, 1, 4)(0, 1, 0, 12)",0.19574367916797658
"(2, 2, 4)(0, 1, 0, 12)",0.22983763122887743
"(2, 1, 5)(0, 1, 0, 12)",0.30106843541055606
"(2, 2, 5)(0, 1, 0, 12)",0.23894335603529995
"(2, 1, 7)(0, 1, 0, 12)",0.592275898992164
"(2, 2, 7)(0, 1, 0, 12)",0.29387339887260017
"(3, 1, 1)(0, 1, 0, 12)",0.22691336052173408
"(3, 2, 1)(0, 1, 0, 12)",0.8171894165693476
"(3, 1, 2)(0, 1, 0, 12)",0.29813819536757996
"(3, 2, 2)(0, 1, 0, 12)",1.2467684135921875
"(3, 1, 3)(0, 1, 0, 12)",0.2121290910918852
"(3, 2, 3)(0, 1, 0, 12)",0.8711974767876549
"(3, 1, 4)(0, 1, 0, 12)",0.2049712728665074
"(3, 2, 4)(0, 1, 0, 12)",0.8462781848448604
"(3, 1, 5)(0, 1, 0, 12)",0.34562762895016186
"(3, 2, 5)(0, 1, 0, 12)",1.0354254661279576
"(3, 1, 7)(0, 1, 0, 12)",0.3356438075962002
"(3, 2, 7)(0, 1, 0, 12)",0.28300000437845996
"(5, 1, 1)(0, 1, 0, 12)",0.24246230242183767
"(5, 2, 1)(0, 1, 0, 12)",0.886260822239859
"(5, 1, 2)(0, 1, 0, 12)",0.2618129666269103
"(5, 2, 2)(0, 1, 0, 12)",0.2438907334107164
"(5, 1, 3)(0, 1, 0, 12)",0.19989041562757123
"(5, 2, 3)(0, 1, 0, 12)",1.080194630350497
"(5, 1, 4)(0, 1, 0, 12)",0.19623435101121928
"(5, 2, 4)(0, 1, 0, 12)",0.2458421745352132
"(5, 1, 5)(0, 1, 0, 12)",0.20030293880500732
"(5, 2, 5)(0, 1, 0, 12)",1.1096589564867094
"(5, 1, 7)(0, 1, 0, 12)",0.2510116594647789
"(5, 2, 7)(0, 1, 0, 12)",0.3364841287130968
"(7, 1, 1)(0, 1, 0, 12)",0.2411142597195797
"(7, 2, 1)(0, 1, 0, 12)",0.9610193461146975
"(7, 1, 2)(0, 1, 0, 12)",0.2973638418036531
"(7, 2, 2)(0, 1, 0, 12)",0.24632847469469582
"(7, 1, 3)(0, 1, 0, 12)",0.2905953108963532
"(7, 2, 3)(0, 1, 0, 12)",0.27946603967830197
"(7, 1, 4)(0, 1, 0, 12)",1.3021301715128466e+65
"(7, 2, 4)(0, 1, 0, 12)",1.936400654344869
"(7, 1, 5)(0, 1, 0, 12)",0.28481397377067014
"(7, 2, 5)(0, 1, 0, 12)",0.7996034871745021
"(7, 1, 7)(0, 1, 0, 12)",0.27177339262698763
"(7, 2, 7)(0, 1, 0, 12)",1.4280339380950278
"(1, 1, 1)(0, 0, 1, 12)",0.32037558793444365
"(1, 2, 1)(0, 0, 1, 12)",0.32388117072715344
"(1, 1, 2)(0, 0, 1, 12)",0.3201750685762505
"(1, 2, 2)(0, 0, 1, 12)",0.3296196105189465
"(1, 1, 3)(0, 0, 1, 12)",0.32383281924422186
"(1, 2, 3)(0, 0, 1, 12)",0.3210237751933704
"(1, 1, 4)(0, 0, 1, 12)",0.3210447286089938
"(1, 2, 4)(0, 0, 1, 12)",0.32379781999968876
"(1, 1, 5)(0, 0, 1, 12)",0.3432774755857796
"(1, 2, 5)(0, 0, 1, 12)",0.32984743471286004
"(1, 1, 7)(0, 0, 1, 12)",0.3277177319670629
"(1, 2, 7)(0, 0, 1, 12)",0.34111625164409215
"(2, 1, 1)(0, 0, 1, 12)",0.31994170115615306
"(2, 2, 1)(0, 0, 1, 12)",0.32144179591067645
"(2, 1, 2)(0, 0, 1, 12)",0.2793202859769631
"(2, 2, 2)(0, 0, 1, 12)",0.32696916978810076
"(2, 1, 3)(0, 0, 1, 12)",0.32295198811595305
"(2, 2, 3)(0, 0, 1, 12)",0.28674888451813196
"(2, 1, 4)(0, 0, 1, 12)",0.3278329743395136
"(2, 2, 4)(0, 0, 1, 12)",0.30478184150306886
"(2, 1, 5)(0, 0, 1, 12)",0.30232122175475007
"(2, 2, 5)(0, 0, 1, 12)",0.3970350865831371
"(2, 1, 7)(0, 0, 1, 12)",0.3004869890986824
"(2, 2, 7)(0, 0, 1, 12)",0.30806417452836016
"(3, 1, 1)(0, 0, 1, 12)",0.31925941062779645
"(3, 2, 1)(0, 0, 1, 12)",0.319660177870268
"(3, 1, 2)(0, 0, 1, 12)",0.35682020439825796
"(3, 2, 2)(0, 0, 1, 12)",0.324542504386174
"(3, 1, 3)(0, 0, 1, 12)",0.2907801012752141
"(3, 2, 3)(0, 0, 1, 12)",0.32317533960100886
"(3, 1, 4)(0, 0, 1, 12)",0.3045909419843621
"(3, 2, 4)(0, 0, 1, 12)",0.3074130427003981
"(3, 1, 5)(0, 0, 1, 12)",0.3191442942317348
"(3, 2, 5)(0, 0, 1, 12)",0.28537466755841057
"(3, 1, 7)(0, 0, 1, 12)",0.29049612437412053
"(3, 2, 7)(0, 0, 1, 12)",0.3061942521512935
"(5, 1, 1)(0, 0, 1, 12)",0.3274825944962461
"(5, 2, 1)(0, 0, 1, 12)",0.3269276541272114
"(5, 1, 2)(0, 0, 1, 12)",0.33095464149960185
"(5, 2, 2)(0, 0, 1, 12)",0.32655715058615453
"(5, 1, 3)(0, 0, 1, 12)",0.31405008446798094
"(5, 2, 3)(0, 0, 1, 12)",0.332932824880416
"(5, 1, 4)(0, 0, 1, 12)",0.316605291497634
"(5, 2, 4)(0, 0, 1, 12)",0.3068981859637233
"(5, 1, 5)(0, 0, 1, 12)",0.28991188186371003
"(5, 2, 5)(0, 0, 1, 12)",0.2839196854843522
"(5, 1, 7)(0, 0, 1, 12)",0.2942244218045482
"(5, 2, 7)(0, 0, 1, 12)",0.2885154687012507
"(7, 1, 1)(0, 0, 1, 12)",0.33198126831151226
"(7, 2, 1)(0, 0, 1, 12)",0.32926333160306215
"(7, 1, 2)(0, 0, 1, 12)",0.2976407670678323
"(7, 2, 2)(0, 0, 1, 12)",0.3292135715462168
"(7, 1, 3)(0, 0, 1, 12)",0.31354642432017427
"(7, 2, 3)(0, 0, 1, 12)",0.27775567927449396
"(7, 1, 4)(0, 0, 1, 12)",0.30570534443796415
"(7, 2, 4)(0, 0, 1, 12)",3.851477188463704e+24
"(7, 1, 5)(0, 0, 1, 12)",0.2804201041207476
"(7, 2, 5)(0, 0, 1, 12)",0.2776838525690884
"(7, 1, 7)(0, 0, 1, 12)",0.26369470362538644
"(7, 2, 7)(0, 0, 1, 12)",0.2815644520239488
"(1, 1, 1)(0, 1, 1, 12)",0.3238108364425072
"(1, 2, 1)(0, 1, 1, 12)",0.21700187372151292
"(1, 1, 2)(0, 1, 1, 12)",0.17743468591190437
"(1, 2, 2)(0, 1, 1, 12)",0.31345788876318886
"(1, 1, 3)(0, 1, 1, 12)",0.16490008602874123
"(1, 2, 3)(0, 1, 1, 12)",0.31770499281513004
"(1, 1, 4)(0, 1, 1, 12)",0.16786525368943145
"(1, 2, 4)(0, 1, 1, 12)",0.30506442195781924
"(1, 1, 5)(0, 1, 1, 12)",0.18584868348882821
"(1, 2, 5)(0, 1, 1, 12)",0.33620782370767716
"(1, 1, 7)(0, 1, 1, 12)",0.17541576502815887
"(1, 2, 7)(0, 1, 1, 12)",0.1543762787698104
"(2, 1, 1)(0, 1, 1, 12)",0.19617688308884548
"(2, 2, 1)(0, 1, 1, 12)",0.2780434072994965
"(2, 1, 2)(0, 1, 1, 12)",0.1726755265836672
"(2, 2, 2)(0, 1, 1, 12)",0.2492925640607613
"(2, 1, 3)(0, 1, 1, 12)",0.2053409067172932
"(2, 2, 3)(0, 1, 1, 12)",0.30903505761743566
"(2, 1, 4)(0, 1, 1, 12)",0.2148547585885249
"(2, 2, 4)(0, 1, 1, 12)",0.2642247003800188
"(2, 1, 5)(0, 1, 1, 12)",0.1809210543668039
"(2, 2, 5)(0, 1, 1, 12)",0.3107791598420594
"(2, 1, 7)(0, 1, 1, 12)",0.18070022475383923
"(2, 2, 7)(0, 1, 1, 12)",0.1830079122271649
"(3, 1, 1)(0, 1, 1, 12)",0.1794883556292612
"(3, 2, 1)(0, 1, 1, 12)",0.31132456325066116
"(3, 1, 2)(0, 1, 1, 12)",0.18815537572729005
"(3, 2, 2)(0, 1, 1, 12)",0.2520396542062333
"(3, 1, 3)(0, 1, 1, 12)",0.1696802891288322
"(3, 2, 3)(0, 1, 1, 12)",0.3180471860685331
"(3, 1, 4)(0, 1, 1, 12)",0.2041960289189118
"(3, 2, 4)(0, 1, 1, 12)",0.29524536382164207
"(3, 1, 5)(0, 1, 1, 12)",0.1587341812684086
"(3, 2, 5)(0, 1, 1, 12)",0.3101003218880222
"(3, 1, 7)(0, 1, 1, 12)",0.17877266112393952
"(3, 2, 7)(0, 1, 1, 12)",0.16051993739829704
"(5, 1, 1)(0, 1, 1, 12)",0.16297445010060643
"(5, 2, 1)(0, 1, 1, 12)",0.36647912509310404
"(5, 1, 2)(0, 1, 1, 12)",0.16420664284028683
"(5, 2, 2)(0, 1, 1, 12)",0.1542124997186708
"(5, 1, 3)(0, 1, 1, 12)",0.17211917210841784
"(5, 2, 3)(0, 1, 1, 12)",0.35892257727272303
"(5, 1, 4)(0, 1, 1, 12)",0.2040788967101749
"(5, 2, 4)(0, 1, 1, 12)",0.15731575651690122
"(5, 1, 5)(0, 1, 1, 12)",0.1773272552010934
"(5, 2, 5)(0, 1, 1, 12)",0.5062130284049511
"(5, 1, 7)(0, 1, 1, 12)",0.1904714895568165
"(5, 2, 7)(0, 1, 1, 12)",0.35910143309301473
"(7, 1, 1)(0, 1, 1, 12)",0.17058770865509043
"(7, 2, 1)(0, 1, 1, 12)",0.1526923996518615
"(7, 1, 2)(0, 1, 1, 12)",0.16656220163434363
"(7, 2, 2)(0, 1, 1, 12)",0.15420471904619795
"(7, 1, 3)(0, 1, 1, 12)",0.17615118619071185
"(7, 2, 3)(0, 1, 1, 12)",0.15406336182986566
"(7, 1, 4)(0, 1, 1, 12)",1.591778257167942e+65
"(7, 2, 4)(0, 1, 1, 12)",75587924.53395966
"(7, 1, 5)(0, 1, 1, 12)",0.16872915557384732
"(7, 2, 5)(0, 1, 1, 12)",0.4896334874228283
"(7, 1, 7)(0, 1, 1, 12)",0.2013948277815272
"(7, 2, 7)(0, 1, 1, 12)",0.4189902450414718
"(1, 1, 1)(0, 0, 2, 12)",0.2933417541887877
"(1, 2, 1)(0, 0, 2, 12)",0.30013216888648475
"(1, 1, 2)(0, 0, 2, 12)",0.2929270222679839
"(1, 2, 2)(0, 0, 2, 12)",0.29504420164254397
"(1, 1, 3)(0, 0, 2, 12)",0.29129431175025894
"(1, 2, 3)(0, 0, 2, 12)",0.3035516427926638
"(1, 1, 4)(0, 0, 2, 12)",0.31770413598623887
"(1, 2, 4)(0, 0, 2, 12)",0.3023909015837159
"(1, 1, 5)(0, 0, 2, 12)",0.32553323906756054
"(1, 2, 5)(0, 0, 2, 12)",0.3130265899874035
"(1, 1, 7)(0, 0, 2, 12)",0.33486814583653457
"(1, 2, 7)(0, 0, 2, 12)",0.32203014684120423
"(2, 1, 1)(0, 0, 2, 12)",0.29218044019047856
"(2, 2, 1)(0, 0, 2, 12)",0.2966690590814482
"(2, 1, 2)(0, 0, 2, 12)",0.26292561621833604
"(2, 2, 2)(0, 0, 2, 12)",0.30804452110354485
"(2, 1, 3)(0, 0, 2, 12)",0.3161718406404026
"(2, 2, 3)(0, 0, 2, 12)",0.2988082584858907
"(2, 1, 4)(0, 0, 2, 12)",0.27498753712226065
"(2, 2, 4)(0, 0, 2, 12)",0.27997243059527127
"(2, 1, 5)(0, 0, 2, 12)",0.3283607303922115
"(2, 2, 5)(0, 0, 2, 12)",0.3114238587490821
"(2, 1, 7)(0, 0, 2, 12)",0.30011160259406405
"(2, 2, 7)(0, 0, 2, 12)",0.3234283108310178
"(3, 1, 1)(0, 0, 2, 12)",0.2899494531311385
"(3, 2, 1)(0, 0, 2, 12)",0.29171811860882074
"(3, 1, 2)(0, 0, 2, 12)",0.30505788094017994
"(3, 2, 2)(0, 0, 2, 12)",0.3063339845401805
"(3, 1, 3)(0, 0, 2, 12)",0.30157506367880454
"(3, 2, 3)(0, 0, 2, 12)",0.29458182533016525
"(3, 1, 4)(0, 0, 2, 12)",0.28180976077868547
"(3, 2, 4)(0, 0, 2, 12)",0.27628605611820495
"(3, 1, 5)(0, 0, 2, 12)",0.29713401913142334
"(3, 2, 5)(0, 0, 2, 12)",0.3205905064374871
"(3, 1, 7)(0, 0, 2, 12)",0.2973625759427215
"(3, 2, 7)(0, 0, 2, 12)",0.3308200346257628
"(5, 1, 1)(0, 0, 2, 12)",0.32835301676059186
"(5, 2, 1)(0, 0, 2, 12)",0.32603230734037575
"(5, 1, 2)(0, 0, 2, 12)",0.3243330211685577
"(5, 2, 2)(0, 0, 2, 12)",0.3187628811131404
"(5, 1, 3)(0, 0, 2, 12)",0.3397976668711753
"(5, 2, 3)(0, 0, 2, 12)",0.3429518401109391
"(5, 1, 4)(0, 0, 2, 12)",0.27842365767054
"(5, 2, 4)(0, 0, 2, 12)",0.28033135283168165
"(5, 1, 5)(0, 0, 2, 12)",0.2797477900430277
"(5, 2, 5)(0, 0, 2, 12)",0.26227323776094535
"(5, 1, 7)(0, 0, 2, 12)",0.29059032496700676
"(5, 2, 7)(0, 0, 2, 12)",0.2660022277010289
"(7, 1, 1)(0, 0, 2, 12)",0.32932535497557147
"(7, 2, 1)(0, 0, 2, 12)",0.3343980947455909
"(7, 1, 2)(0, 0, 2, 12)",0.3075768370578725
"(7, 2, 2)(0, 0, 2, 12)",0.33234403376644034
"(7, 1, 3)(0, 0, 2, 12)",0.3532310565739881
"(7, 2, 3)(0, 0, 2, 12)",0.32622305142501423
"(7, 1, 4)(0, 0, 2, 12)",0.31000704047833405
"(7, 2, 4)(0, 0, 2, 12)",16365809314.940039
"(7, 1, 5)(0, 0, 2, 12)",0.3117542968442764
"(7, 2, 5)(0, 0, 2, 12)",0.27293417977319234
"(7, 1, 7)(0, 0, 2, 12)",0.2681581430401026
"(7, 2, 7)(0, 0, 2, 12)",0.2701968481356613
"(1, 1, 1)(0, 1, 2, 12)",0.31137788794957194
"(1, 2, 1)(0, 1, 2, 12)",0.2280450514418417
"(1, 1, 2)(0, 1, 2, 12)",0.17911075006322486
"(1, 2, 2)(0, 1, 2, 12)",0.3258358129933471
"(1, 1, 3)(0, 1, 2, 12)",0.1643404368368226
"(1, 2, 3)(0, 1, 2, 12)",0.3208805636683514
"(1, 1, 4)(0, 1, 2, 12)",0.16783606659090902
"(1, 2, 4)(0, 1, 2, 12)",0.28922115117352054
"(1, 1, 5)(0, 1, 2, 12)",0.18281238250552914
"(1, 2, 5)(0, 1, 2, 12)",0.26910976308765117
"(1, 1, 7)(0, 1, 2, 12)",0.17460426461266437
"(1, 2, 7)(0, 1, 2, 12)",0.15145157369734305
"(2, 1, 1)(0, 1, 2, 12)",0.1976795832541856
"(2, 2, 1)(0, 1, 2, 12)",0.2866412205918729
"(2, 1, 2)(0, 1, 2, 12)",0.17403809171874068
"(2, 2, 2)(0, 1, 2, 12)",0.3250502496171664
"(2, 1, 3)(0, 1, 2, 12)",0.20442382570910986
"(2, 2, 3)(0, 1, 2, 12)",0.27366479958087414
"(2, 1, 4)(0, 1, 2, 12)",0.16474368757316382
"(2, 2, 4)(0, 1, 2, 12)",0.25490500858272747
"(2, 1, 5)(0, 1, 2, 12)",0.17032142543917014
"(2, 2, 5)(0, 1, 2, 12)",0.2980645659824368
"(2, 1, 7)(0, 1, 2, 12)",0.17029996490189825
"(2, 2, 7)(0, 1, 2, 12)",0.15792187701073246
"(3, 1, 1)(0, 1, 2, 12)",0.17881865146405815
"(3, 2, 1)(0, 1, 2, 12)",0.3232484585111565
"(3, 1, 2)(0, 1, 2, 12)",0.17254563372801085
"(3, 2, 2)(0, 1, 2, 12)",0.351582666692983
"(3, 1, 3)(0, 1, 2, 12)",0.16783743631611345
"(3, 2, 3)(0, 1, 2, 12)",0.30827398890046703
"(3, 1, 4)(0, 1, 2, 12)",0.1944471192851565
"(3, 2, 4)(0, 1, 2, 12)",0.2867547879978019
"(3, 1, 5)(0, 1, 2, 12)",0.16468791394717705
"(3, 2, 5)(0, 1, 2, 12)",0.3263721967372044
"(3, 1, 7)(0, 1, 2, 12)",0.16785471729796292
"(3, 2, 7)(0, 1, 2, 12)",0.1532914815959078
"(5, 1, 1)(0, 1, 2, 12)",0.16371274058945376
"(5, 2, 1)(0, 1, 2, 12)",0.1558793969315397
"(5, 1, 2)(0, 1, 2, 12)",0.17531880236505323
"(5, 2, 2)(0, 1, 2, 12)",0.154542338839533
"(5, 1, 3)(0, 1, 2, 12)",0.16664594561742
"(5, 2, 3)(0, 1, 2, 12)",0.3801506482591612
"(5, 1, 4)(0, 1, 2, 12)",0.20732748896053443
"(5, 2, 4)(0, 1, 2, 12)",0.16236000190600963
"(5, 1, 5)(0, 1, 2, 12)",0.2154891854398254
"(5, 2, 5)(0, 1, 2, 12)",0.4685132541914894
"(5, 1, 7)(0, 1, 2, 12)",0.20089815739331487
"(5, 2, 7)(0, 1, 2, 12)",0.32021559236484204
"(7, 1, 1)(0, 1, 2, 12)",0.17138507309491066
"(7, 2, 1)(0, 1, 2, 12)",0.1545011329778141
"(7, 1, 2)(0, 1, 2, 12)",0.17625761413243363
"(7, 2, 2)(0, 1, 2, 12)",0.1560781441980075
"(7, 1, 3)(0, 1, 2, 12)",0.16371284079465842
"(7, 2, 3)(0, 1, 2, 12)",0.15400755603589605
"(7, 1, 4)(0, 1, 2, 12)",1.6020277067004418e+65
"(7, 2, 4)(0, 1, 2, 12)",10344.563604486057
"(7, 1, 5)(0, 1, 2, 12)",0.1659375092485982
"(7, 2, 5)(0, 1, 2, 12)",0.33193892566744543
"(7, 1, 7)(0, 1, 2, 12)",0.16875036842976385
"(7, 2, 7)(0, 1, 2, 12)",0.3130133601443416
"(1, 1, 1)(1, 0, 0, 12)",0.2506553781823498
"(1, 2, 1)(1, 0, 0, 12)",0.2517486512514019
"(1, 1, 2)(1, 0, 0, 12)",0.27388838755446465
"(1, 2, 2)(1, 0, 0, 12)",0.25137947363359436
"(1, 1, 3)(1, 0, 0, 12)",0.313325006829227
"(1, 2, 3)(1, 0, 0, 12)",0.2518310524876016
"(1, 1, 4)(1, 0, 0, 12)",0.3188128042627303
"(1, 2, 4)(1, 0, 0, 12)",0.31168718095047326
"(1, 1, 5)(1, 0, 0, 12)",0.30527778014959356
"(1, 2, 5)(1, 0, 0, 12)",0.28749935307948493
"(1, 1, 7)(1, 0, 0, 12)",0.32528480550437694
"(1, 2, 7)(1, 0, 0, 12)",0.27726211514225885
"(2, 1, 1)(1, 0, 0, 12)",0.26137329430740297
"(2, 2, 1)(1, 0, 0, 12)",0.2516183259351768
"(2, 1, 2)(1, 0, 0, 12)",0.29509302721262537
"(2, 2, 2)(1, 0, 0, 12)",0.2520770445395931
"(2, 1, 3)(1, 0, 0, 12)",0.30451239136340214
"(2, 2, 3)(1, 0, 0, 12)",0.2504571372642536
"(2, 1, 4)(1, 0, 0, 12)",0.2562000266079183
"(2, 2, 4)(1, 0, 0, 12)",0.253784483268735
"(2, 1, 5)(1, 0, 0, 12)",0.2854212012581002
"(2, 2, 5)(1, 0, 0, 12)",0.2622463604184415
"(2, 1, 7)(1, 0, 0, 12)",0.3076267711140102
"(2, 2, 7)(1, 0, 0, 12)",0.2768946096463549
"(3, 1, 1)(1, 0, 0, 12)",0.2814181827677449
"(3, 2, 1)(1, 0, 0, 12)",0.24952257464746985
"(3, 1, 2)(1, 0, 0, 12)",0.23572811227019222
"(3, 2, 2)(1, 0, 0, 12)",0.25078051736160095
"(3, 1, 3)(1, 0, 0, 12)",0.27539062542166065
"(3, 2, 3)(1, 0, 0, 12)",0.28921070765421225
"(3, 1, 4)(1, 0, 0, 12)",0.25616476415618694
"(3, 2, 4)(1, 0, 0, 12)",0.25163661875829973
"(3, 1, 5)(1, 0, 0, 12)",0.25083200203458494
"(3, 2, 5)(1, 0, 0, 12)",0.2546998357351826
"(3, 1, 7)(1, 0, 0, 12)",0.3591539086472123
"(3, 2, 7)(1, 0, 0, 12)",0.41127366172083696
"(5, 1, 1)(1, 0, 0, 12)",0.3017506742893311
"(5, 2, 1)(1, 0, 0, 12)",1.087327091900309
"(5, 1, 2)(1, 0, 0, 12)",0.30680450903837486
"(5, 2, 2)(1, 0, 0, 12)",0.2837112998475672
"(5, 1, 3)(1, 0, 0, 12)",0.28783872833199686
"(5, 2, 3)(1, 0, 0, 12)",0.29981531400297284
"(5, 1, 4)(1, 0, 0, 12)",0.2427252612592629
"(5, 2, 4)(1, 0, 0, 12)",0.2584272980282346
"(5, 1, 5)(1, 0, 0, 12)",0.3036046174970248
"(5, 2, 5)(1, 0, 0, 12)",0.2516533302649591
"(5, 1, 7)(1, 0, 0, 12)",0.3155231052572793
"(5, 2, 7)(1, 0, 0, 12)",0.30672767821575087
"(7, 1, 1)(1, 0, 0, 12)",0.30919010046474144
"(7, 2, 1)(1, 0, 0, 12)",1.2350112626643561
"(7, 1, 2)(1, 0, 0, 12)",0.3807432007041965
"(7, 2, 2)(1, 0, 0, 12)",0.33105735043355766
"(7, 1, 3)(1, 0, 0, 12)",0.3236586291624365
"(7, 2, 3)(1, 0, 0, 12)",1.2752411934941812
"(7, 1, 4)(1, 0, 0, 12)",0.28846049985239475
"(7, 2, 4)(1, 0, 0, 12)",283890499.82732004
"(7, 1, 5)(1, 0, 0, 12)",0.32767185196187504
"(7, 2, 5)(1, 0, 0, 12)",0.7518816852151395
"(7, 1, 7)(1, 0, 0, 12)",0.26097012770044714
"(7, 2, 7)(1, 0, 0, 12)",0.3184264530266746
"(1, 1, 1)(1, 1, 0, 12)",0.2860568489306607
"(1, 2, 1)(1, 1, 0, 12)",0.8100400725822073
"(1, 1, 2)(1, 1, 0, 12)",0.2463163247484222
"(1, 2, 2)(1, 1, 0, 12)",1.0051182799753868
"(1, 1, 3)(1, 1, 0, 12)",0.2696056117701566
"(1, 2, 3)(1, 1, 0, 12)",1.0057306314018488
"(1, 1, 4)(1, 1, 0, 12)",0.24717072301283716
"(1, 2, 4)(1, 1, 0, 12)",1.0082763071662
"(1, 1, 5)(1, 1, 0, 12)",0.21491497977338161
"(1, 2, 5)(1, 1, 0, 12)",1.0038647241494423
"(1, 1, 7)(1, 1, 0, 12)",0.21658073818678483
"(1, 2, 7)(1, 1, 0, 12)",0.19239612367714087
"(2, 1, 1)(1, 1, 0, 12)",0.21962121935168272
"(2, 2, 1)(1, 1, 0, 12)",0.9043773008337149
"(2, 1, 2)(1, 1, 0, 12)",0.25208052916510565
"(2, 2, 2)(1, 1, 0, 12)",1.0060920713991264
"(2, 1, 3)(1, 1, 0, 12)",0.23539487064891992
"(2, 2, 3)(1, 1, 0, 12)",1.0912906207812776
"(2, 1, 4)(1, 1, 0, 12)",0.17136730848181111
"(2, 2, 4)(1, 1, 0, 12)",1.076338055751077
"(2, 1, 5)(1, 1, 0, 12)",0.25493782542145266
"(2, 2, 5)(1, 1, 0, 12)",1.0927666158885236
"(2, 1, 7)(1, 1, 0, 12)",0.24052374762076195
"(2, 2, 7)(1, 1, 0, 12)",1.2312398674978504
"(3, 1, 1)(1, 1, 0, 12)",0.24230511613547323
"(3, 2, 1)(1, 1, 0, 12)",0.969982951482574
"(3, 1, 2)(1, 1, 0, 12)",0.259153944929041
"(3, 2, 2)(1, 1, 0, 12)",1.0166567737982983
"(3, 1, 3)(1, 1, 0, 12)",0.27165658656164104
"(3, 2, 3)(1, 1, 0, 12)",1.0871165412959274
"(3, 1, 4)(1, 1, 0, 12)",0.19747381694774663
"(3, 2, 4)(1, 1, 0, 12)",0.9732015219120127
"(3, 1, 5)(1, 1, 0, 12)",0.2889286509252297
"(3, 2, 5)(1, 1, 0, 12)",0.9954576356733269
"(3, 1, 7)(1, 1, 0, 12)",0.31903098305770733
"(3, 2, 7)(1, 1, 0, 12)",1.2311400598389786
"(5, 1, 1)(1, 1, 0, 12)",0.2712273449819747
"(5, 2, 1)(1, 1, 0, 12)",1.019151141980201
"(5, 1, 2)(1, 1, 0, 12)",0.17578066091545533
"(5, 2, 2)(1, 1, 0, 12)",1.0192629945386058
"(5, 1, 3)(1, 1, 0, 12)",0.1692144270356037
"(5, 2, 3)(1, 1, 0, 12)",1.120925272290872
"(5, 1, 4)(1, 1, 0, 12)",0.17169810396738655
"(5, 2, 4)(1, 1, 0, 12)",0.290240287067179
"(5, 1, 5)(1, 1, 0, 12)",0.21342198769537213
"(5, 2, 5)(1, 1, 0, 12)",1.064676962282162
"(5, 1, 7)(1, 1, 0, 12)",0.17862029623686387
"(5, 2, 7)(1, 1, 0, 12)",1.3030325782103125
"(7, 1, 1)(1, 1, 0, 12)",0.26865159684534484
"(7, 2, 1)(1, 1, 0, 12)",1.0497214658581802
"(7, 1, 2)(1, 1, 0, 12)",0.17009137201755545
"(7, 2, 2)(1, 1, 0, 12)",0.26494899932498317
"(7, 1, 3)(1, 1, 0, 12)",0.21810007663266304
"(7, 2, 3)(1, 1, 0, 12)",0.30695798659585766
"(7, 1, 4)(1, 1, 0, 12)",2.4881946310067317e+65
"(7, 2, 4)(1, 1, 0, 12)",61.16385902880218
"(7, 1, 5)(1, 1, 0, 12)",0.2597001721825773
"(7, 2, 5)(1, 1, 0, 12)",1.1408607877005346
"(7, 1, 7)(1, 1, 0, 12)",0.19219954878612533
"(7, 2, 7)(1, 1, 0, 12)",1.2327341634476132
"(1, 1, 1)(1, 0, 1, 12)",0.31839262840087046
"(1, 2, 1)(1, 0, 1, 12)",0.2565076076096585
"(1, 1, 2)(1, 0, 1, 12)",0.1737423932599554
"(1, 2, 2)(1, 0, 1, 12)",0.38802746338839034
"(1, 1, 3)(1, 0, 1, 12)",0.3085064445391035
"(1, 2, 3)(1, 0, 1, 12)",0.3873443116631062
"(1, 1, 4)(1, 0, 1, 12)",0.16779463317450674
"(1, 2, 4)(1, 0, 1, 12)",0.16468200930564755
"(1, 1, 5)(1, 0, 1, 12)",0.17777173259769705
"(1, 2, 5)(1, 0, 1, 12)",0.16349863890217448
"(1, 1, 7)(1, 0, 1, 12)",0.17458622134766374
"(1, 2, 7)(1, 0, 1, 12)",0.16250776534011763
"(2, 1, 1)(1, 0, 1, 12)",0.1915653666824513
"(2, 2, 1)(1, 0, 1, 12)",0.2621452409412702
"(2, 1, 2)(1, 0, 1, 12)",0.170547588287593
"(2, 2, 2)(1, 0, 1, 12)",0.2992822837048636
"(2, 1, 3)(1, 0, 1, 12)",0.1698741129454921
"(2, 2, 3)(1, 0, 1, 12)",0.3916778768677993
"(2, 1, 4)(1, 0, 1, 12)",0.1667256345089176
"(2, 2, 4)(1, 0, 1, 12)",0.4027682665148659
"(2, 1, 5)(1, 0, 1, 12)",0.1839891684535376
"(2, 2, 5)(1, 0, 1, 12)",0.1654347381328847
"(2, 1, 7)(1, 0, 1, 12)",0.18427348458427512
"(2, 2, 7)(1, 0, 1, 12)",0.1661532628168284
"(3, 1, 1)(1, 0, 1, 12)",0.1758925173912583
"(3, 2, 1)(1, 0, 1, 12)",0.3898365010940122
"(3, 1, 2)(1, 0, 1, 12)",0.1747586669121372
"(3, 2, 2)(1, 0, 1, 12)",0.30272481543965196
"(3, 1, 3)(1, 0, 1, 12)",0.18580473368792694
"(3, 2, 3)(1, 0, 1, 12)",0.3978217604487423
"(3, 1, 4)(1, 0, 1, 12)",0.3057993503454114
"(3, 2, 4)(1, 0, 1, 12)",0.36675489421339963
"(3, 1, 5)(1, 0, 1, 12)",0.28025430914847
"(3, 2, 5)(1, 0, 1, 12)",0.3779151253188482
"(3, 1, 7)(1, 0, 1, 12)",0.19579972261748058
"(3, 2, 7)(1, 0, 1, 12)",0.16941588235974053
"(5, 1, 1)(1, 0, 1, 12)",0.16422187513044934
"(5, 2, 1)(1, 0, 1, 12)",0.4881813528834227
"(5, 1, 2)(1, 0, 1, 12)",0.28605898959945897
"(5, 2, 2)(1, 0, 1, 12)",0.16528268778854835
"(5, 1, 3)(1, 0, 1, 12)",0.17268512036068373
"(5, 2, 3)(1, 0, 1, 12)",0.16734665489044362
"(5, 1, 4)(1, 0, 1, 12)",0.31737040029100355
"(5, 2, 4)(1, 0, 1, 12)",0.3783590215257484
"(5, 1, 5)(1, 0, 1, 12)",0.18551099014088446
"(5, 2, 5)(1, 0, 1, 12)",0.3954968713247369
"(5, 1, 7)(1, 0, 1, 12)",0.1704588003745281
"(5, 2, 7)(1, 0, 1, 12)",0.4067944006074242
"(7, 1, 1)(1, 0, 1, 12)",0.16626421492552573
"(7, 2, 1)(1, 0, 1, 12)",0.5874390300900412
"(7, 1, 2)(1, 0, 1, 12)",0.17040880628288016
"(7, 2, 2)(1, 0, 1, 12)",0.16081435055720383
"(7, 1, 3)(1, 0, 1, 12)",0.16639966349176644
"(7, 2, 3)(1, 0, 1, 12)",0.4461340669864938
"(7, 1, 4)(1, 0, 1, 12)",0.20924540209773274
"(7, 2, 4)(1, 0, 1, 12)",1.5255581446247067e+23
"(7, 1, 5)(1, 0, 1, 12)",0.16779240318567554
"(7, 2, 5)(1, 0, 1, 12)",0.40893453104804356
"(7, 1, 7)(1, 0, 1, 12)",0.17225332548181038
"(7, 2, 7)(1, 0, 1, 12)",0.3593229553702267
"(1, 1, 1)(1, 1, 1, 12)",0.3239311261509854
"(1, 2, 1)(1, 1, 1, 12)",0.2328995219065901
"(1, 1, 2)(1, 1, 1, 12)",0.18548517002486498
"(1, 2, 2)(1, 1, 1, 12)",0.3475885378219825
"(1, 1, 3)(1, 1, 1, 12)",0.17033208134647584
"(1, 2, 3)(1, 1, 1, 12)",0.3223208284514214
"(1, 1, 4)(1, 1, 1, 12)",0.16820010460352774
"(1, 2, 4)(1, 1, 1, 12)",0.3352128786253116
"(1, 1, 5)(1, 1, 1, 12)",0.19280934166608452
"(1, 2, 5)(1, 1, 1, 12)",0.35336047303222134
"(1, 1, 7)(1, 1, 1, 12)",0.19769242277673071
"(1, 2, 7)(1, 1, 1, 12)",0.16382402497046572
"(2, 1, 1)(1, 1, 1, 12)",0.19853379375226599
"(2, 2, 1)(1, 1, 1, 12)",0.2952839144520682
"(2, 1, 2)(1, 1, 1, 12)",0.18039856494574705
"(2, 2, 2)(1, 1, 1, 12)",0.26331858581934964
"(2, 1, 3)(1, 1, 1, 12)",0.20304654780234224
"(2, 2, 3)(1, 1, 1, 12)",0.3378563809574634
"(2, 1, 4)(1, 1, 1, 12)",0.16506458518644768
"(2, 2, 4)(1, 1, 1, 12)",0.2804604994679706
"(2, 1, 5)(1, 1, 1, 12)",0.1702509829265089
"(2, 2, 5)(1, 1, 1, 12)",0.35725397666093
"(2, 1, 7)(1, 1, 1, 12)",0.20046089330881064
"(2, 2, 7)(1, 1, 1, 12)",0.29368432578773357
"(3, 1, 1)(1, 1, 1, 12)",0.27962525182826803
"(3, 2, 1)(1, 1, 1, 12)",0.3370689627489902
"(3, 1, 2)(1, 1, 1, 12)",0.19499616301967101
"(3, 2, 2)(1, 1, 1, 12)",0.2808566703781149
"(3, 1, 3)(1, 1, 1, 12)",0.16666850528837834
"(3, 2, 3)(1, 1, 1, 12)",0.3236939525234125
"(3, 1, 4)(1, 1, 1, 12)",0.2047747981530075
"(3, 2, 4)(1, 1, 1, 12)",0.35334023447215207
"(3, 1, 5)(1, 1, 1, 12)",0.16446959112173426
"(3, 2, 5)(1, 1, 1, 12)",0.48702200889557484
"(3, 1, 7)(1, 1, 1, 12)",0.185085933658768
"(3, 2, 7)(1, 1, 1, 12)",0.3376738989484566
"(5, 1, 1)(1, 1, 1, 12)",0.16590300639536043
"(5, 2, 1)(1, 1, 1, 12)",0.15764654677944745
"(5, 1, 2)(1, 1, 1, 12)",0.1618770097467651
"(5, 2, 2)(1, 1, 1, 12)",0.33941707448778136
"(5, 1, 3)(1, 1, 1, 12)",0.16841551734961702
"(5, 2, 3)(1, 1, 1, 12)",0.4036486261185368
"(5, 1, 4)(1, 1, 1, 12)",0.19693862021605155
"(5, 2, 4)(1, 1, 1, 12)",0.3281743297067678
"(5, 1, 5)(1, 1, 1, 12)",0.2512367515451724
"(5, 2, 5)(1, 1, 1, 12)",0.5325064850509189
"(5, 1, 7)(1, 1, 1, 12)",0.17633005011374808
"(5, 2, 7)(1, 1, 1, 12)",0.3698905714701923
"(7, 1, 1)(1, 1, 1, 12)",0.16944789347997746
"(7, 2, 1)(1, 1, 1, 12)",0.15388857311011622
"(7, 1, 2)(1, 1, 1, 12)",0.17446250913013883
"(7, 2, 2)(1, 1, 1, 12)",0.1546494666690799
"(7, 1, 3)(1, 1, 1, 12)",0.19850709876481107
"(7, 2, 3)(1, 1, 1, 12)",0.154790166525772
"(7, 1, 4)(1, 1, 1, 12)",1.6298124645348235e+65
"(7, 2, 4)(1, 1, 1, 12)",1137.9017482193208
"(7, 1, 5)(1, 1, 1, 12)",0.20689740508042426
"(7, 2, 5)(1, 1, 1, 12)",0.40637780034829296
"(7, 1, 7)(1, 1, 1, 12)",0.18111679138566789
"(7, 2, 7)(1, 1, 1, 12)",0.24173983062250326
"(1, 1, 1)(1, 0, 2, 12)",0.30671840182704224
"(1, 2, 1)(1, 0, 2, 12)",0.27560952111266646
"(1, 1, 2)(1, 0, 2, 12)",0.17608777946095105
"(1, 2, 2)(1, 0, 2, 12)",0.41226355210664123
"(1, 1, 3)(1, 0, 2, 12)",0.2905556682239632
"(1, 2, 3)(1, 0, 2, 12)",0.39062727528682467
"(1, 1, 4)(1, 0, 2, 12)",0.16736579179587094
"(1, 2, 4)(1, 0, 2, 12)",0.4445148833187233
"(1, 1, 5)(1, 0, 2, 12)",0.1739707418367635
"(1, 2, 5)(1, 0, 2, 12)",0.16420399478558412
"(1, 1, 7)(1, 0, 2, 12)",0.17541040227167795
"(1, 2, 7)(1, 0, 2, 12)",0.15970861222140764
"(2, 1, 1)(1, 0, 2, 12)",0.19316192673097
"(2, 2, 1)(1, 0, 2, 12)",0.35446970100949293
"(2, 1, 2)(1, 0, 2, 12)",0.16867979059360116
"(2, 2, 2)(1, 0, 2, 12)",0.3059930106901121
"(2, 1, 3)(1, 0, 2, 12)",0.1701654554865433
"(2, 2, 3)(1, 0, 2, 12)",0.4130246685527124
"(2, 1, 4)(1, 0, 2, 12)",0.1651407778506262
"(2, 2, 4)(1, 0, 2, 12)",0.43548166761046464
"(2, 1, 5)(1, 0, 2, 12)",0.18427314079111726
"(2, 2, 5)(1, 0, 2, 12)",0.16630773690972017
"(2, 1, 7)(1, 0, 2, 12)",0.17892402554753167
"(2, 2, 7)(1, 0, 2, 12)",0.16249291625087559
"(3, 1, 1)(1, 0, 2, 12)",0.1758730020150311
"(3, 2, 1)(1, 0, 2, 12)",0.4061232176045307
"(3, 1, 2)(1, 0, 2, 12)",0.17707362121768022
"(3, 2, 2)(1, 0, 2, 12)",0.33886628970265037
"(3, 1, 3)(1, 0, 2, 12)",0.21091204514394707
"(3, 2, 3)(1, 0, 2, 12)",0.41455626315406685
"(3, 1, 4)(1, 0, 2, 12)",0.2775161964303209
"(3, 2, 4)(1, 0, 2, 12)",0.26919594522494655
"(3, 1, 5)(1, 0, 2, 12)",0.26519109853396416
"(3, 2, 5)(1, 0, 2, 12)",0.4356699584265915
"(3, 1, 7)(1, 0, 2, 12)",0.18605035990321167
"(3, 2, 7)(1, 0, 2, 12)",0.16201101092732925
"(5, 1, 1)(1, 0, 2, 12)",0.16581309933007485
"(5, 2, 1)(1, 0, 2, 12)",0.1691253478061875
"(5, 1, 2)(1, 0, 2, 12)",0.32818173936643885
"(5, 2, 2)(1, 0, 2, 12)",0.16639301951133434
"(5, 1, 3)(1, 0, 2, 12)",0.16836952810233724
"(5, 2, 3)(1, 0, 2, 12)",0.16804374382549178
"(5, 1, 4)(1, 0, 2, 12)",0.29623092261372164
"(5, 2, 4)(1, 0, 2, 12)",0.3604716765714072
"(5, 1, 5)(1, 0, 2, 12)",0.20886318261703518
"(5, 2, 5)(1, 0, 2, 12)",0.3253296020336261
"(5, 1, 7)(1, 0, 2, 12)",0.21772151213595387
"(5, 2, 7)(1, 0, 2, 12)",0.43864179051786734
"(7, 1, 1)(1, 0, 2, 12)",0.16863274657399033
"(7, 2, 1)(1, 0, 2, 12)",0.16228394505845414
"(7, 1, 2)(1, 0, 2, 12)",0.18715592998459143
"(7, 2, 2)(1, 0, 2, 12)",0.16178036925273398
"(7, 1, 3)(1, 0, 2, 12)",0.16696723769915792
"(7, 2, 3)(1, 0, 2, 12)",0.16215220635600588
"(7, 1, 4)(1, 0, 2, 12)",0.21041772615319188
"(7, 2, 4)(1, 0, 2, 12)",1.6338915679582022e+28
"(7, 1, 5)(1, 0, 2, 12)",0.16947453082087302
"(7, 2, 5)(1, 0, 2, 12)",0.21203225641124954
"(7, 1, 7)(1, 0, 2, 12)",0.19404534322011568
"(7, 2, 7)(1, 0, 2, 12)",0.33400146058528435
"(1, 1, 1)(1, 1, 2, 12)",0.31401611867386536
"(1, 2, 1)(1, 1, 2, 12)",0.2178548341429832
"(1, 1, 2)(1, 1, 2, 12)",0.17878656526045297
"(1, 2, 2)(1, 1, 2, 12)",0.3105636319133797
"(1, 1, 3)(1, 1, 2, 12)",0.20600530230581043
"(1, 2, 3)(1, 1, 2, 12)",0.30295492204415536
"(1, 1, 4)(1, 1, 2, 12)",0.167022602553302
"(1, 2, 4)(1, 1, 2, 12)",0.2693173986307707
"(1, 1, 5)(1, 1, 2, 12)",0.18290335532069166
"(1, 2, 5)(1, 1, 2, 12)",0.32980380376041235
"(1, 1, 7)(1, 1, 2, 12)",0.19410039129585183
"(1, 2, 7)(1, 1, 2, 12)",0.16342541685321735
"(2, 1, 1)(1, 1, 2, 12)",0.19650416502455423
"(2, 2, 1)(1, 1, 2, 12)",0.2760613918921186
"(2, 1, 2)(1, 1, 2, 12)",0.17171823728740834
"(2, 2, 2)(1, 1, 2, 12)",0.2426538615813348
"(2, 1, 3)(1, 1, 2, 12)",0.2611622272307478
"(2, 2, 3)(1, 1, 2, 12)",0.2595077604433525
"(2, 1, 4)(1, 1, 2, 12)",0.17502663745546973
"(2, 2, 4)(1, 1, 2, 12)",0.23739832748903228
"(2, 1, 5)(1, 1, 2, 12)",0.1587945502091442
"(2, 2, 5)(1, 1, 2, 12)",0.3111570135658131
"(2, 1, 7)(1, 1, 2, 12)",0.1762133741652343
"(2, 2, 7)(1, 1, 2, 12)",0.1552199051918123
"(3, 1, 1)(1, 1, 2, 12)",0.2317833724972645
"(3, 2, 1)(1, 1, 2, 12)",0.3019971512777303
"(3, 1, 2)(1, 1, 2, 12)",0.24883252947298348
"(3, 2, 2)(1, 1, 2, 12)",0.248600185590979
"(3, 1, 3)(1, 1, 2, 12)",0.17246557766328766
"(3, 2, 3)(1, 1, 2, 12)",0.2746828383414724
"(3, 1, 4)(1, 1, 2, 12)",0.24398982835635571
"(3, 2, 4)(1, 1, 2, 12)",0.2854893981941248
"(3, 1, 5)(1, 1, 2, 12)",0.1697828352655676
"(3, 2, 5)(1, 1, 2, 12)",0.25434261145482767
"(3, 1, 7)(1, 1, 2, 12)",0.24514323230825658
"(3, 2, 7)(1, 1, 2, 12)",0.16556585762115697
"(5, 1, 1)(1, 1, 2, 12)",0.16204930299421771
"(5, 2, 1)(1, 1, 2, 12)",0.15520711023942269
"(5, 1, 2)(1, 1, 2, 12)",0.1582705529711751
"(5, 2, 2)(1, 1, 2, 12)",0.15407655410265192
"(5, 1, 3)(1, 1, 2, 12)",0.16636929455025568
"(5, 2, 3)(1, 1, 2, 12)",0.43610365758108877
"(5, 1, 4)(1, 1, 2, 12)",0.20469089695621012
"(5, 2, 4)(1, 1, 2, 12)",0.15634167106210442
"(5, 1, 5)(1, 1, 2, 12)",0.19037344127768635
"(5, 2, 5)(1, 1, 2, 12)",0.4288037418711155
"(5, 1, 7)(1, 1, 2, 12)",0.18040569300978868
"(5, 2, 7)(1, 1, 2, 12)",0.33675784542525683
"(7, 1, 1)(1, 1, 2, 12)",0.21652808204820426
"(7, 2, 1)(1, 1, 2, 12)",0.15301113383811618
"(7, 1, 2)(1, 1, 2, 12)",0.1659691975226709
"(7, 2, 2)(1, 1, 2, 12)",0.1738436531390781
"(7, 1, 3)(1, 1, 2, 12)",0.16337609967096772
"(7, 2, 3)(1, 1, 2, 12)",0.17121499374038476
"(7, 1, 4)(1, 1, 2, 12)",1.5932434373985837e+65
"(7, 2, 4)(1, 1, 2, 12)",1824.4366012802723
"(7, 1, 5)(1, 1, 2, 12)",0.27789755490434875
"(7, 2, 5)(1, 1, 2, 12)",0.34408663428835984
"(7, 1, 7)(1, 1, 2, 12)",0.21081875871627975
"(7, 2, 7)(1, 1, 2, 12)",0.23042227700963833
"(1, 1, 1)(2, 0, 0, 12)",0.251162326906333
"(1, 2, 1)(2, 0, 0, 12)",0.8144308583703617
"(1, 1, 2)(2, 0, 0, 12)",0.2701933518468131
"(1, 2, 2)(2, 0, 0, 12)",0.251423712231139
"(1, 1, 3)(2, 0, 0, 12)",0.3004654337676896
"(1, 2, 3)(2, 0, 0, 12)",1.034863651624088
"(1, 1, 4)(2, 0, 0, 12)",0.27632823634853804
"(1, 2, 4)(2, 0, 0, 12)",0.2987515329367941
"(1, 1, 5)(2, 0, 0, 12)",0.2437304930018812
"(1, 2, 5)(2, 0, 0, 12)",1.0472330219631945
"(1, 1, 7)(2, 0, 0, 12)",0.24125128286580735
"(1, 2, 7)(2, 0, 0, 12)",0.21711684564084058
"(2, 1, 1)(2, 0, 0, 12)",0.24427571857306615
"(2, 2, 1)(2, 0, 0, 12)",0.24639204955892552
"(2, 1, 2)(2, 0, 0, 12)",0.245095357083408
"(2, 2, 2)(2, 0, 0, 12)",0.2424864441354153
"(2, 1, 3)(2, 0, 0, 12)",0.3058194232547952
"(2, 2, 3)(2, 0, 0, 12)",0.2728551330558909
"(2, 1, 4)(2, 0, 0, 12)",0.23463457479410652
"(2, 2, 4)(2, 0, 0, 12)",0.261038076123676
"(2, 1, 5)(2, 0, 0, 12)",0.22143692520538497
"(2, 2, 5)(2, 0, 0, 12)",1.2544625075978086
"(2, 1, 7)(2, 0, 0, 12)",0.23726667329423243
"(2, 2, 7)(2, 0, 0, 12)",0.26564776627904735
"(3, 1, 1)(2, 0, 0, 12)",0.27084655957416504
"(3, 2, 1)(2, 0, 0, 12)",1.0239939816825494
"(3, 1, 2)(2, 0, 0, 12)",0.24393955619638963
"(3, 2, 2)(2, 0, 0, 12)",0.915004157169717
"(3, 1, 3)(2, 0, 0, 12)",0.2617054691243983
"(3, 2, 3)(2, 0, 0, 12)",1.03941619471857
"(3, 1, 4)(2, 0, 0, 12)",0.23046014444779173
"(3, 2, 4)(2, 0, 0, 12)",0.24382684231462404
"(3, 1, 5)(2, 0, 0, 12)",0.23478792470116952
"(3, 2, 5)(2, 0, 0, 12)",0.2923972398854762
"(3, 1, 7)(2, 0, 0, 12)",0.24689242968979824
"(3, 2, 7)(2, 0, 0, 12)",1.1114886918442404
"(5, 1, 1)(2, 0, 0, 12)",0.2999220646116852
"(5, 2, 1)(2, 0, 0, 12)",1.073523285961619
"(5, 1, 2)(2, 0, 0, 12)",0.29289556170776915
"(5, 2, 2)(2, 0, 0, 12)",0.2359549007965839
"(5, 1, 3)(2, 0, 0, 12)",0.32480658051250144
"(5, 2, 3)(2, 0, 0, 12)",0.9935044690678732
"(5, 1, 4)(2, 0, 0, 12)",0.23219866861828645
"(5, 2, 4)(2, 0, 0, 12)",1.0785064599933465
"(5, 1, 5)(2, 0, 0, 12)",0.22412184899255733
"(5, 2, 5)(2, 0, 0, 12)",0.3415791020942272
"(5, 1, 7)(2, 0, 0, 12)",0.2294250382077201
"(5, 2, 7)(2, 0, 0, 12)",1.0636230544757859
"(7, 1, 1)(2, 0, 0, 12)",0.2934587527116107
"(7, 2, 1)(2, 0, 0, 12)",1.1189509450843393
"(7, 1, 2)(2, 0, 0, 12)",0.27759969273640794
"(7, 2, 2)(2, 0, 0, 12)",0.3112175906988024
"(7, 1, 3)(2, 0, 0, 12)",0.277406917695861
"(7, 2, 3)(2, 0, 0, 12)",1.1168930684929859
"(7, 1, 4)(2, 0, 0, 12)",0.25412010005164853
"(7, 2, 4)(2, 0, 0, 12)",4.7349347408186425e+19
"(7, 1, 5)(2, 0, 0, 12)",0.28422444611264225
"(7, 2, 5)(2, 0, 0, 12)",1.1776749003824731
"(7, 1, 7)(2, 0, 0, 12)",0.38702207075647493
"(7, 2, 7)(2, 0, 0, 12)",0.9061111245948958
"(1, 1, 1)(2, 1, 0, 12)",0.4314533424847724
"(1, 2, 1)(2, 1, 0, 12)",0.5653371999646996
"(1, 1, 2)(2, 1, 0, 12)",0.17674796102220316
"(1, 2, 2)(2, 1, 0, 12)",0.7575022892124833
"(1, 1, 3)(2, 1, 0, 12)",0.17136700435198812
"(1, 2, 3)(2, 1, 0, 12)",0.7246683109662058
"(1, 1, 4)(2, 1, 0, 12)",0.16766786296304176
"(1, 2, 4)(2, 1, 0, 12)",0.7412408930117774
"(1, 1, 5)(2, 1, 0, 12)",0.16705250010045772
"(1, 2, 5)(2, 1, 0, 12)",0.7720849286955342
"(1, 1, 7)(2, 1, 0, 12)",0.1682850932011026
"(1, 2, 7)(2, 1, 0, 12)",0.18334903159419022
"(2, 1, 1)(2, 1, 0, 12)",0.19244421239278178
"(2, 2, 1)(2, 1, 0, 12)",0.6738225127323674
"(2, 1, 2)(2, 1, 0, 12)",0.17377205379560476
"(2, 2, 2)(2, 1, 0, 12)",0.7636094044290841
"(2, 1, 3)(2, 1, 0, 12)",0.16619813416869497
"(2, 2, 3)(2, 1, 0, 12)",0.803144637822003
"(2, 1, 4)(2, 1, 0, 12)",0.16644654210666857
"(2, 2, 4)(2, 1, 0, 12)",0.8076374349280674
"(2, 1, 5)(2, 1, 0, 12)",0.16783298584481887
"(2, 2, 5)(2, 1, 0, 12)",0.7711165836160587
"(2, 1, 7)(2, 1, 0, 12)",0.169378019506853
"(2, 2, 7)(2, 1, 0, 12)",0.1797305454897256
"(3, 1, 1)(2, 1, 0, 12)",0.17632609587227888
"(3, 2, 1)(2, 1, 0, 12)",0.7417116506601634
"(3, 1, 2)(2, 1, 0, 12)",0.18239560538114183
"(3, 2, 2)(2, 1, 0, 12)",0.8041723871374838
"(3, 1, 3)(2, 1, 0, 12)",0.1750508734472416
"(3, 2, 3)(2, 1, 0, 12)",0.8021808051609193
"(3, 1, 4)(2, 1, 0, 12)",0.16656803078769714
"(3, 2, 4)(2, 1, 0, 12)",0.736450839194975
"(3, 1, 5)(2, 1, 0, 12)",0.17895768999860287
"(3, 2, 5)(2, 1, 0, 12)",0.7337377742920218
"(3, 1, 7)(2, 1, 0, 12)",0.16636870247460775
"(3, 2, 7)(2, 1, 0, 12)",0.8370561544579349
"(5, 1, 1)(2, 1, 0, 12)",0.17408546119824736
"(5, 2, 1)(2, 1, 0, 12)",0.7482186441463188
"(5, 1, 2)(2, 1, 0, 12)",0.1837324539232547
"(5, 2, 2)(2, 1, 0, 12)",0.8131040040313864
"(5, 1, 3)(2, 1, 0, 12)",0.16523000569335636
"(5, 2, 3)(2, 1, 0, 12)",0.9137032566579771
"(5, 1, 4)(2, 1, 0, 12)",0.16532847470492687
"(5, 2, 4)(2, 1, 0, 12)",0.18176701269241866
"(5, 1, 5)(2, 1, 0, 12)",0.1806648030634855
"(5, 2, 5)(2, 1, 0, 12)",0.9024542351302673
"(5, 1, 7)(2, 1, 0, 12)",0.16831676796335635
"(5, 2, 7)(2, 1, 0, 12)",1.0168187867904892
"(7, 1, 1)(2, 1, 0, 12)",0.17272966961954658
"(7, 2, 1)(2, 1, 0, 12)",0.9347747947231131
"(7, 1, 2)(2, 1, 0, 12)",0.16491165459965626
"(7, 2, 2)(2, 1, 0, 12)",0.1770926990781618
"(7, 1, 3)(2, 1, 0, 12)",0.1681613317660505
"(7, 2, 3)(2, 1, 0, 12)",0.18990553432500762
"(7, 1, 4)(2, 1, 0, 12)",2.2036761265134177e+65
"(7, 2, 4)(2, 1, 0, 12)",331.84772282283075
"(7, 1, 5)(2, 1, 0, 12)",0.3737131791344215
"(7, 2, 5)(2, 1, 0, 12)",0.960550314936137
"(7, 1, 7)(2, 1, 0, 12)",0.18273696357497543
"(7, 2, 7)(2, 1, 0, 12)",0.9411219648553447
"(1, 1, 1)(2, 0, 1, 12)",0.3250321347695216
"(1, 2, 1)(2, 0, 1, 12)",0.28225195266406766
"(1, 1, 2)(2, 0, 1, 12)",0.17678621540843056
"(1, 2, 2)(2, 0, 1, 12)",0.36952798322776953
"(1, 1, 3)(2, 0, 1, 12)",0.31346895866676533
"(1, 2, 3)(2, 0, 1, 12)",0.39810090241917107
"(1, 1, 4)(2, 0, 1, 12)",0.16871190090308605
"(1, 2, 4)(2, 0, 1, 12)",0.42576738671620656
"(1, 1, 5)(2, 0, 1, 12)",0.18059837103948967
"(1, 2, 5)(2, 0, 1, 12)",0.20846276165243985
"(1, 1, 7)(2, 0, 1, 12)",0.19623692655139427
"(1, 2, 7)(2, 0, 1, 12)",0.16297840816427545
"(2, 1, 1)(2, 0, 1, 12)",0.19279701320024417
"(2, 2, 1)(2, 0, 1, 12)",0.33697439016552705
"(2, 1, 2)(2, 0, 1, 12)",0.18520120364173343
"(2, 2, 2)(2, 0, 1, 12)",0.3127050765766206
"(2, 1, 3)(2, 0, 1, 12)",0.1711958105939771
"(2, 2, 3)(2, 0, 1, 12)",0.39920670352383114
"(2, 1, 4)(2, 0, 1, 12)",0.27707732186086237
"(2, 2, 4)(2, 0, 1, 12)",0.17173620658072164
"(2, 1, 5)(2, 0, 1, 12)",0.2231389116456597
"(2, 2, 5)(2, 0, 1, 12)",0.42878928112769077
"(2, 1, 7)(2, 0, 1, 12)",0.20175053764573223
"(2, 2, 7)(2, 0, 1, 12)",0.16309346448879558
"(3, 1, 1)(2, 0, 1, 12)",0.18102302695294425
"(3, 2, 1)(2, 0, 1, 12)",0.3686982211567794
"(3, 1, 2)(2, 0, 1, 12)",0.1906027055883497
"(3, 2, 2)(2, 0, 1, 12)",0.3396409568878025
"(3, 1, 3)(2, 0, 1, 12)",0.27400674892985555
"(3, 2, 3)(2, 0, 1, 12)",0.3890480204044938
"(3, 1, 4)(2, 0, 1, 12)",0.31605644920921294
"(3, 2, 4)(2, 0, 1, 12)",0.26981348742749434
"(3, 1, 5)(2, 0, 1, 12)",0.2846752635066974
"(3, 2, 5)(2, 0, 1, 12)",0.4051231096504223
"(3, 1, 7)(2, 0, 1, 12)",0.19913856578849684
"(3, 2, 7)(2, 0, 1, 12)",0.4471994696699913
"(5, 1, 1)(2, 0, 1, 12)",0.16747389422868586
"(5, 2, 1)(2, 0, 1, 12)",0.4803663026409066
"(5, 1, 2)(2, 0, 1, 12)",0.1711615599804022
"(5, 2, 2)(2, 0, 1, 12)",0.16101931161368627
"(5, 1, 3)(2, 0, 1, 12)",0.16969808296776667
"(5, 2, 3)(2, 0, 1, 12)",0.46998270712438994
"(5, 1, 4)(2, 0, 1, 12)",0.31602515941793874
"(5, 2, 4)(2, 0, 1, 12)",0.39688987310085566
"(5, 1, 5)(2, 0, 1, 12)",0.26836587863741146
"(5, 2, 5)(2, 0, 1, 12)",0.16825676185732108
"(5, 1, 7)(2, 0, 1, 12)",0.225878452228501
"(5, 2, 7)(2, 0, 1, 12)",0.4679968828108535
"(7, 1, 1)(2, 0, 1, 12)",0.1702153192652254
"(7, 2, 1)(2, 0, 1, 12)",0.5451605829715559
"(7, 1, 2)(2, 0, 1, 12)",0.16999718109246445
"(7, 2, 2)(2, 0, 1, 12)",0.16234884036226147
"(7, 1, 3)(2, 0, 1, 12)",0.16679962667175507
"(7, 2, 3)(2, 0, 1, 12)",0.4584278404047447
"(7, 1, 4)(2, 0, 1, 12)",0.19752991323453958
"(7, 2, 4)(2, 0, 1, 12)",3.35125773321675e+30
"(7, 1, 5)(2, 0, 1, 12)",0.17739091413746527
"(7, 2, 5)(2, 0, 1, 12)",0.4532217268007725
"(7, 1, 7)(2, 0, 1, 12)",0.17171535447073813
"(7, 2, 7)(2, 0, 1, 12)",0.3414912109384476
"(1, 1, 1)(2, 1, 1, 12)",0.38785653846570783
"(1, 2, 1)(2, 1, 1, 12)",0.21371289592532988
"(1, 1, 2)(2, 1, 1, 12)",0.2389601007957924
"(1, 2, 2)(2, 1, 1, 12)",0.31440465378775007
"(1, 1, 3)(2, 1, 1, 12)",0.21381882424166748
"(1, 2, 3)(2, 1, 1, 12)",0.2953397290976069
"(1, 1, 4)(2, 1, 1, 12)",0.21593886692920455
"(1, 2, 4)(2, 1, 1, 12)",0.2927808001494275
"(1, 1, 5)(2, 1, 1, 12)",0.24844954483970064
"(1, 2, 5)(2, 1, 1, 12)",0.3367493020565504
"(1, 1, 7)(2, 1, 1, 12)",0.24918031087085651
"(1, 2, 7)(2, 1, 1, 12)",0.26528337551065867
"(2, 1, 1)(2, 1, 1, 12)",0.2658659311145996
"(2, 2, 1)(2, 1, 1, 12)",0.2644860055518779
"(2, 1, 2)(2, 1, 1, 12)",0.227061282871026
"(2, 2, 2)(2, 1, 1, 12)",0.24235221729677497
"(2, 1, 3)(2, 1, 1, 12)",0.22154648996050025
"(2, 2, 3)(2, 1, 1, 12)",0.29554610003272175
"(2, 1, 4)(2, 1, 1, 12)",0.22928749395653994
"(2, 2, 4)(2, 1, 1, 12)",0.25423612935934303
"(2, 1, 5)(2, 1, 1, 12)",0.21510697573952473
"(2, 2, 5)(2, 1, 1, 12)",0.35628182094465033
"(2, 1, 7)(2, 1, 1, 12)",0.2544325694599548
"(2, 2, 7)(2, 1, 1, 12)",0.2059516912965882
"(3, 1, 1)(2, 1, 1, 12)",0.23651689338113613
"(3, 2, 1)(2, 1, 1, 12)",0.3050172265286856
"(3, 1, 2)(2, 1, 1, 12)",0.24962398873753877
"(3, 2, 2)(2, 1, 1, 12)",0.23130804767869875
"(3, 1, 3)(2, 1, 1, 12)",0.21301959718305138
"(3, 2, 3)(2, 1, 1, 12)",0.28771823833320226
"(3, 1, 4)(2, 1, 1, 12)",0.21761258339622874
"(3, 2, 4)(2, 1, 1, 12)",0.3019337434366905
"(3, 1, 5)(2, 1, 1, 12)",0.20045633867981233
"(3, 2, 5)(2, 1, 1, 12)",0.4462616066738377
"(3, 1, 7)(2, 1, 1, 12)",0.25036647233757386
"(3, 2, 7)(2, 1, 1, 12)",0.21152251121620905
"(5, 1, 1)(2, 1, 1, 12)",0.21074562474788894
"(5, 2, 1)(2, 1, 1, 12)",0.18684192138872516
"(5, 1, 2)(2, 1, 1, 12)",0.20816459769514042
"(5, 2, 2)(2, 1, 1, 12)",0.35949394809068164
"(5, 1, 3)(2, 1, 1, 12)",0.21207355298035374
"(5, 2, 3)(2, 1, 1, 12)",0.38118531576847675
"(5, 1, 4)(2, 1, 1, 12)",0.23657315124886955
"(5, 2, 4)(2, 1, 1, 12)",0.17275613628249525
"(5, 1, 5)(2, 1, 1, 12)",0.2153789069647953
"(5, 2, 5)(2, 1, 1, 12)",0.4791111823572982
"(5, 1, 7)(2, 1, 1, 12)",0.22520368793125292
"(5, 2, 7)(2, 1, 1, 12)",0.37603913983798704
"(7, 1, 1)(2, 1, 1, 12)",0.21672193268341794
"(7, 2, 1)(2, 1, 1, 12)",0.15558784727017205
"(7, 1, 2)(2, 1, 1, 12)",0.20774456171008954
"(7, 2, 2)(2, 1, 1, 12)",0.17649574370669902
"(7, 1, 3)(2, 1, 1, 12)",0.2556059893802862
"(7, 2, 3)(2, 1, 1, 12)",0.16653683988934498
"(7, 1, 4)(2, 1, 1, 12)",1.8091715735697458e+65
"(7, 2, 4)(2, 1, 1, 12)",668774692.7100947
"(7, 1, 5)(2, 1, 1, 12)",0.3318927124387341
"(7, 2, 5)(2, 1, 1, 12)",0.3409089301461986
"(7, 1, 7)(2, 1, 1, 12)",0.21782935081860577
"(7, 2, 7)(2, 1, 1, 12)",0.30744056745612275
"(1, 1, 1)(2, 0, 2, 12)",0.30869582466033624
"(1, 2, 1)(2, 0, 2, 12)",0.2647836168423591
"(1, 1, 2)(2, 0, 2, 12)",0.17488996760697645
"(1, 2, 2)(2, 0, 2, 12)",0.3874812049765663
"(1, 1, 3)(2, 0, 2, 12)",0.29337818249569453
"(1, 2, 3)(2, 0, 2, 12)",0.3814979756001617
"(1, 1, 4)(2, 0, 2, 12)",0.1673011032764603
"(1, 2, 4)(2, 0, 2, 12)",0.36132675388914287
"(1, 1, 5)(2, 0, 2, 12)",0.17615394681040858
"(1, 2, 5)(2, 0, 2, 12)",0.37559262054529735
"(1, 1, 7)(2, 0, 2, 12)",0.17288990749459104
"(1, 2, 7)(2, 0, 2, 12)",0.1589188501413836
"(2, 1, 1)(2, 0, 2, 12)",0.1911152442733463
"(2, 2, 1)(2, 0, 2, 12)",0.2731899117268675
"(2, 1, 2)(2, 0, 2, 12)",0.17088099605408813
"(2, 2, 2)(2, 0, 2, 12)",0.29766533045052923
"(2, 1, 3)(2, 0, 2, 12)",0.17221920236722227
"(2, 2, 3)(2, 0, 2, 12)",0.38882421648426785
"(2, 1, 4)(2, 0, 2, 12)",0.16934460779735347
"(2, 2, 4)(2, 0, 2, 12)",0.2324228208429507
"(2, 1, 5)(2, 0, 2, 12)",0.16152460707641675
"(2, 2, 5)(2, 0, 2, 12)",0.41299769927472363
"(2, 1, 7)(2, 0, 2, 12)",0.17051333384098752
"(2, 2, 7)(2, 0, 2, 12)",0.16043173202884686
"(3, 1, 1)(2, 0, 2, 12)",0.17914230928725994
"(3, 2, 1)(2, 0, 2, 12)",0.39439688065920636
"(3, 1, 2)(2, 0, 2, 12)",0.17615378768010068
"(3, 2, 2)(2, 0, 2, 12)",0.3011155520893563
"(3, 1, 3)(2, 0, 2, 12)",0.18697138517620768
"(3, 2, 3)(2, 0, 2, 12)",0.3770094815772563
"(3, 1, 4)(2, 0, 2, 12)",0.29797297585810223
"(3, 2, 4)(2, 0, 2, 12)",0.1868147236715242
"(3, 1, 5)(2, 0, 2, 12)",0.2693523233458201
"(3, 2, 5)(2, 0, 2, 12)",0.2985944965025419
"(3, 1, 7)(2, 0, 2, 12)",0.16893080479150988
"(3, 2, 7)(2, 0, 2, 12)",0.1640729563235195
"(5, 1, 1)(2, 0, 2, 12)",0.16331054890139762
"(5, 2, 1)(2, 0, 2, 12)",0.4814380477666611
"(5, 1, 2)(2, 0, 2, 12)",0.17789108804118045
"(5, 2, 2)(2, 0, 2, 12)",0.16587410931097918
"(5, 1, 3)(2, 0, 2, 12)",0.1694749743481442
"(5, 2, 3)(2, 0, 2, 12)",0.1676621036154932
"(5, 1, 4)(2, 0, 2, 12)",0.29629964344725906
"(5, 2, 4)(2, 0, 2, 12)",0.3390080532173789
"(5, 1, 5)(2, 0, 2, 12)",0.2150950857382897
"(5, 2, 5)(2, 0, 2, 12)",0.16763546240646388
"(5, 1, 7)(2, 0, 2, 12)",0.1795402618924175
"(5, 2, 7)(2, 0, 2, 12)",0.34646588871316775
"(7, 1, 1)(2, 0, 2, 12)",0.2001300635124201
"(7, 2, 1)(2, 0, 2, 12)",0.5707772825102895
"(7, 1, 2)(2, 0, 2, 12)",0.17435976491271865
"(7, 2, 2)(2, 0, 2, 12)",0.16342249312834828
"(7, 1, 3)(2, 0, 2, 12)",0.16610162671177314
"(7, 2, 3)(2, 0, 2, 12)",0.45419894204781386
"(7, 1, 4)(2, 0, 2, 12)",0.16984966418924957
"(7, 2, 4)(2, 0, 2, 12)",1.0972256211325106e+34
"(7, 1, 5)(2, 0, 2, 12)",0.16480784757577488
"(7, 2, 5)(2, 0, 2, 12)",0.43825482796322535
"(7, 1, 7)(2, 0, 2, 12)",0.17749298406072764
"(7, 2, 7)(2, 0, 2, 12)",0.32680893758586027
"(1, 1, 1)(2, 1, 2, 12)",0.3946751645198998
"(1, 2, 1)(2, 1, 2, 12)",0.2041444328949044
"(1, 1, 2)(2, 1, 2, 12)",0.23522661498242903
"(1, 2, 2)(2, 1, 2, 12)",0.2884549110396004
"(1, 1, 3)(2, 1, 2, 12)",0.20740364932944053
"(1, 2, 3)(2, 1, 2, 12)",0.25536164642294484
"(1, 1, 4)(2, 1, 2, 12)",0.20926381233102573
"(1, 2, 4)(2, 1, 2, 12)",0.2596955849801567
"(1, 1, 5)(2, 1, 2, 12)",0.1938929378737517
"(1, 2, 5)(2, 1, 2, 12)",0.2936292246020068
"(1, 1, 7)(2, 1, 2, 12)",0.21873691923906566
"(1, 2, 7)(2, 1, 2, 12)",0.17681660789456624
"(2, 1, 1)(2, 1, 2, 12)",0.29451763995539915
"(2, 2, 1)(2, 1, 2, 12)",0.2346383170281416
"(2, 1, 2)(2, 1, 2, 12)",0.22362353232066456
"(2, 2, 2)(2, 1, 2, 12)",0.22644055099602448
"(2, 1, 3)(2, 1, 2, 12)",0.2192037554774968
"(2, 2, 3)(2, 1, 2, 12)",0.2310506408510596
"(2, 1, 4)(2, 1, 2, 12)",0.21597231517469373
"(2, 2, 4)(2, 1, 2, 12)",0.22234284311776295
"(2, 1, 5)(2, 1, 2, 12)",0.1908682485963728
"(2, 2, 5)(2, 1, 2, 12)",0.475403823061384
"(2, 1, 7)(2, 1, 2, 12)",0.2408369340290099
"(2, 2, 7)(2, 1, 2, 12)",0.16933558761499864
"(3, 1, 1)(2, 1, 2, 12)",0.23586746175189297
"(3, 2, 1)(2, 1, 2, 12)",0.22877557211782118
"(3, 1, 2)(2, 1, 2, 12)",0.25576113149083146
"(3, 2, 2)(2, 1, 2, 12)",0.22931591637763346
"(3, 1, 3)(2, 1, 2, 12)",0.23299344964522586
"(3, 2, 3)(2, 1, 2, 12)",0.2392159120872982
"(3, 1, 4)(2, 1, 2, 12)",0.2517122798389104
"(3, 2, 4)(2, 1, 2, 12)",0.2729408912529323
"(3, 1, 5)(2, 1, 2, 12)",0.16420885934265742
"(3, 2, 5)(2, 1, 2, 12)",0.238836978006272
"(3, 1, 7)(2, 1, 2, 12)",0.19390514792878327
"(3, 2, 7)(2, 1, 2, 12)",0.2264273794867812
"(5, 1, 1)(2, 1, 2, 12)",0.2114483760774428
"(5, 2, 1)(2, 1, 2, 12)",0.20938309316129705
"(5, 1, 2)(2, 1, 2, 12)",0.2096823918181978
"(5, 2, 2)(2, 1, 2, 12)",0.20246832060810827
"(5, 1, 3)(2, 1, 2, 12)",0.21565714673179226
"(5, 2, 3)(2, 1, 2, 12)",0.25833644429180963
"(5, 1, 4)(2, 1, 2, 12)",0.22128245252286735
"(5, 2, 4)(2, 1, 2, 12)",0.3406227234449591
"(5, 1, 5)(2, 1, 2, 12)",0.18825213108195596
"(5, 2, 5)(2, 1, 2, 12)",0.408739367297946
"(5, 1, 7)(2, 1, 2, 12)",0.21389755568265334
"(5, 2, 7)(2, 1, 2, 12)",0.25799483103604454
"(7, 1, 1)(2, 1, 2, 12)",0.22163182417110597
"(7, 2, 1)(2, 1, 2, 12)",0.19978730325015684
"(7, 1, 2)(2, 1, 2, 12)",0.2126452547441987
"(7, 2, 2)(2, 1, 2, 12)",0.1924495020927086
"(7, 1, 3)(2, 1, 2, 12)",0.21198883669634683
"(7, 2, 3)(2, 1, 2, 12)",0.17432403650523767
"(7, 1, 4)(2, 1, 2, 12)",1.5433978546225571e+65
"(7, 2, 4)(2, 1, 2, 12)",199666521.3942868
"(7, 1, 5)(2, 1, 2, 12)",0.16911029642135095
"(7, 2, 5)(2, 1, 2, 12)",0.43535591245889993
"(7, 1, 7)(2, 1, 2, 12)",0.2337536374089876
"(7, 2, 7)(2, 1, 2, 12)",0.22340492622337607
"(1, 1, 1)(3, 0, 0, 12)",0.21778494138295915
"(1, 2, 1)(3, 0, 0, 12)",0.6043487060714273
"(1, 1, 2)(3, 0, 0, 12)",0.18615832434160287
"(1, 2, 2)(3, 0, 0, 12)",0.7774293830031319
"(1, 1, 3)(3, 0, 0, 12)",0.1970921642765133
"(1, 2, 3)(3, 0, 0, 12)",0.7914948284615476
"(1, 1, 4)(3, 0, 0, 12)",0.1916604961614949
"(1, 2, 4)(3, 0, 0, 12)",0.8226153178156762
"(1, 1, 5)(3, 0, 0, 12)",0.1773772144091999
"(1, 2, 5)(3, 0, 0, 12)",0.1933639676430602
"(1, 1, 7)(3, 0, 0, 12)",0.17868654028868894
"(1, 2, 7)(3, 0, 0, 12)",0.207872304488124
"(2, 1, 1)(3, 0, 0, 12)",0.18845909958400756
"(2, 2, 1)(3, 0, 0, 12)",0.35706978503190845
"(2, 1, 2)(3, 0, 0, 12)",0.18300638999452346
"(2, 2, 2)(3, 0, 0, 12)",0.36916816927962626
"(2, 1, 3)(3, 0, 0, 12)",0.19154308458110297
"(2, 2, 3)(3, 0, 0, 12)",0.762383724000006
"(2, 1, 4)(3, 0, 0, 12)",0.33942941899141355
"(2, 2, 4)(3, 0, 0, 12)",0.8431972607674765
"(2, 1, 5)(3, 0, 0, 12)",0.18700093852314356
"(2, 2, 5)(3, 0, 0, 12)",0.8701494125035739
"(2, 1, 7)(3, 0, 0, 12)",0.17947518418745742
"(2, 2, 7)(3, 0, 0, 12)",0.18290751873803324
"(3, 1, 1)(3, 0, 0, 12)",0.18801597105293907
"(3, 2, 1)(3, 0, 0, 12)",0.8091452653124394
"(3, 1, 2)(3, 0, 0, 12)",0.18271162676124456
"(3, 2, 2)(3, 0, 0, 12)",0.6711357218315346
"(3, 1, 3)(3, 0, 0, 12)",0.18801846634360508
"(3, 2, 3)(3, 0, 0, 12)",0.7607910414356132
"(3, 1, 4)(3, 0, 0, 12)",0.3457224829601454
"(3, 2, 4)(3, 0, 0, 12)",0.5926430001621108
"(3, 1, 5)(3, 0, 0, 12)",0.32237785802762553
"(3, 2, 5)(3, 0, 0, 12)",0.38141491218894435
"(3, 1, 7)(3, 0, 0, 12)",0.21544620223103056
"(3, 2, 7)(3, 0, 0, 12)",0.2424671482864662
"(5, 1, 1)(3, 0, 0, 12)",0.20305855394915162
"(5, 2, 1)(3, 0, 0, 12)",0.936205564257076
"(5, 1, 2)(3, 0, 0, 12)",0.1996337410892013
"(5, 2, 2)(3, 0, 0, 12)",0.21449423950864568
"(5, 1, 3)(3, 0, 0, 12)",0.20545761516078365
"(5, 2, 3)(3, 0, 0, 12)",0.2129756448790653
"(5, 1, 4)(3, 0, 0, 12)",0.2520275678476058
"(5, 2, 4)(3, 0, 0, 12)",0.7630541179484219
"(5, 1, 5)(3, 0, 0, 12)",0.28518847398129926
"(5, 2, 5)(3, 0, 0, 12)",0.6767974259077221
"(5, 1, 7)(3, 0, 0, 12)",0.1861649702434564
"(5, 2, 7)(3, 0, 0, 12)",0.9465392779781415
"(7, 1, 1)(3, 0, 0, 12)",0.19629414258480132
"(7, 2, 1)(3, 0, 0, 12)",1.0379165454993706
"(7, 1, 2)(3, 0, 0, 12)",0.20175562832864052
"(7, 2, 2)(3, 0, 0, 12)",0.20189213229702085
"(7, 1, 3)(3, 0, 0, 12)",0.20448516390560778
"(7, 2, 3)(3, 0, 0, 12)",0.8858379305083034
"(7, 1, 4)(3, 0, 0, 12)",0.2080299941491498
"(7, 2, 4)(3, 0, 0, 12)",6.474734811714833e+23
"(7, 1, 5)(3, 0, 0, 12)",0.19184543186369227
"(7, 2, 5)(3, 0, 0, 12)",0.8468994145892573
"(7, 1, 7)(3, 0, 0, 12)",0.17969590263230054
"(7, 2, 7)(3, 0, 0, 12)",0.813823130575162
"(1, 1, 1)(3, 1, 0, 12)",0.4582213910234392
"(1, 2, 1)(3, 1, 0, 12)",0.4042923353873395
"(1, 1, 2)(3, 1, 0, 12)",0.22225954044960153
"(1, 2, 2)(3, 1, 0, 12)",0.6491904537744083
"(1, 1, 3)(3, 1, 0, 12)",0.18529788809028108
"(1, 2, 3)(3, 1, 0, 12)",0.545310644098998
"(1, 1, 4)(3, 1, 0, 12)",0.1765489820451028
"(1, 2, 4)(3, 1, 0, 12)",0.6641346156352853
"(1, 1, 5)(3, 1, 0, 12)",0.18149543285464073
"(1, 2, 5)(3, 1, 0, 12)",0.6724974436855822
"(1, 1, 7)(3, 1, 0, 12)",0.17115237904467076
"(1, 2, 7)(3, 1, 0, 12)",0.578115659085938
"(2, 1, 1)(3, 1, 0, 12)",0.25857711370458497
"(2, 2, 1)(3, 1, 0, 12)",0.47676442243127
"(2, 1, 2)(3, 1, 0, 12)",0.2047129148998674
"(2, 2, 2)(3, 1, 0, 12)",0.44181838229040454
"(2, 1, 3)(3, 1, 0, 12)",0.2805082934682945
"(2, 2, 3)(3, 1, 0, 12)",0.6429794824360189
"(2, 1, 4)(3, 1, 0, 12)",0.17720283650474103
"(2, 2, 4)(3, 1, 0, 12)",0.5585612514595976
"(2, 1, 5)(3, 1, 0, 12)",0.18413674147397688
"(2, 2, 5)(3, 1, 0, 12)",0.5625640432204015
"(2, 1, 7)(3, 1, 0, 12)",0.17260596957056024
"(2, 2, 7)(3, 1, 0, 12)",0.7509179486354303
"(3, 1, 1)(3, 1, 0, 12)",0.23422605103121183
"(3, 2, 1)(3, 1, 0, 12)",0.5768307955021965
"(3, 1, 2)(3, 1, 0, 12)",0.25086377474969257
"(3, 2, 2)(3, 1, 0, 12)",0.6754995886241022
"(3, 1, 3)(3, 1, 0, 12)",0.16835243478302772
"(3, 2, 3)(3, 1, 0, 12)",0.6876453620893248
"(3, 1, 4)(3, 1, 0, 12)",0.1862363251337628
"(3, 2, 4)(3, 1, 0, 12)",0.5680570670366636
"(3, 1, 5)(3, 1, 0, 12)",0.16461693744838282
"(3, 2, 5)(3, 1, 0, 12)",0.5378681374983485
"(3, 1, 7)(3, 1, 0, 12)",0.22744050688710604
"(3, 2, 7)(3, 1, 0, 12)",0.5879070229375887
"(5, 1, 1)(3, 1, 0, 12)",0.1990009596205359
"(5, 2, 1)(3, 1, 0, 12)",0.6755463953431289
"(5, 1, 2)(3, 1, 0, 12)",0.1975203346800539
"(5, 2, 2)(3, 1, 0, 12)",0.6370524998224173
"(5, 1, 3)(3, 1, 0, 12)",0.19240723963560752
"(5, 2, 3)(3, 1, 0, 12)",0.6969989336359004
"(5, 1, 4)(3, 1, 0, 12)",0.27093825386102727
"(5, 2, 4)(3, 1, 0, 12)",0.15855581821539555
"(5, 1, 5)(3, 1, 0, 12)",0.2011013964658504
"(5, 2, 5)(3, 1, 0, 12)",0.6962176161427067
"(5, 1, 7)(3, 1, 0, 12)",0.2391008120952706
"(5, 2, 7)(3, 1, 0, 12)",0.7923527670610149
"(7, 1, 1)(3, 1, 0, 12)",0.2042485418555449
"(7, 2, 1)(3, 1, 0, 12)",0.15284877021327625
"(7, 1, 2)(3, 1, 0, 12)",0.2045183949975241
"(7, 2, 2)(3, 1, 0, 12)",0.3594519839225786
"(7, 1, 3)(3, 1, 0, 12)",0.26577816753243305
"(7, 2, 3)(3, 1, 0, 12)",0.15216693942694023
"(7, 1, 4)(3, 1, 0, 12)",1.6468628948203523e+65
"(7, 2, 4)(3, 1, 0, 12)",3268.4082453277474
"(7, 1, 5)(3, 1, 0, 12)",0.1955211191051492
"(7, 2, 5)(3, 1, 0, 12)",0.7178016342725824
"(7, 1, 7)(3, 1, 0, 12)",0.21585528324834102
"(7, 2, 7)(3, 1, 0, 12)",0.5431928718211695
"(1, 1, 1)(3, 0, 1, 12)",0.37899623139405075
"(1, 2, 1)(3, 0, 1, 12)",0.2595843313378624
"(1, 1, 2)(3, 0, 1, 12)",0.22272497131824812
"(1, 2, 2)(3, 0, 1, 12)",0.3387624001604074
"(1, 1, 3)(3, 0, 1, 12)",0.1971845481281146
"(1, 2, 3)(3, 0, 1, 12)",0.3728697884337859
"(1, 1, 4)(3, 0, 1, 12)",0.1758262010379233
"(1, 2, 4)(3, 0, 1, 12)",0.3914117237951852
"(1, 1, 5)(3, 0, 1, 12)",0.2445648682282324
"(1, 2, 5)(3, 0, 1, 12)",0.2165946688263649
"(1, 1, 7)(3, 0, 1, 12)",0.24317725653831507
"(1, 2, 7)(3, 0, 1, 12)",0.2096123171091448
"(2, 1, 1)(3, 0, 1, 12)",0.24704589188401235
"(2, 2, 1)(3, 0, 1, 12)",0.3675750343843477
"(2, 1, 2)(3, 0, 1, 12)",0.20396168796440914
"(2, 2, 2)(3, 0, 1, 12)",0.28435686113134573
"(2, 1, 3)(3, 0, 1, 12)",0.21068500281513353
"(2, 2, 3)(3, 0, 1, 12)",0.3671180792239555
"(2, 1, 4)(3, 0, 1, 12)",0.39691963842988254
"(2, 2, 4)(3, 0, 1, 12)",0.3805559139711169
"(2, 1, 5)(3, 0, 1, 12)",0.2652855094291142
"(2, 2, 5)(3, 0, 1, 12)",0.40847233677297007
"(2, 1, 7)(3, 0, 1, 12)",0.24378132003973263
"(2, 2, 7)(3, 0, 1, 12)",0.19966170732112673
"(3, 1, 1)(3, 0, 1, 12)",0.18164053858331358
"(3, 2, 1)(3, 0, 1, 12)",0.25581141239901684
"(3, 1, 2)(3, 0, 1, 12)",0.21599376061834585
"(3, 2, 2)(3, 0, 1, 12)",0.2962599946189625
"(3, 1, 3)(3, 0, 1, 12)",0.3733718747771306
"(3, 2, 3)(3, 0, 1, 12)",0.3448504037290107
"(3, 1, 4)(3, 0, 1, 12)",0.37867110502082224
"(3, 2, 4)(3, 0, 1, 12)",0.17786110393206478
"(3, 1, 5)(3, 0, 1, 12)",0.33596655258821795
"(3, 2, 5)(3, 0, 1, 12)",0.3929056111017883
"(3, 1, 7)(3, 0, 1, 12)",0.27132049160940835
"(3, 2, 7)(3, 0, 1, 12)",0.2131051849154123
"(5, 1, 1)(3, 0, 1, 12)",0.19771119897947503
"(5, 2, 1)(3, 0, 1, 12)",0.4774080093669762
"(5, 1, 2)(3, 0, 1, 12)",0.207096198923755
"(5, 2, 2)(3, 0, 1, 12)",0.18355082095537384
"(5, 1, 3)(3, 0, 1, 12)",0.22079595804690563
"(5, 2, 3)(3, 0, 1, 12)",0.4928006459481662
"(5, 1, 4)(3, 0, 1, 12)",0.37564316859626545
"(5, 2, 4)(3, 0, 1, 12)",0.36394716311655234
"(5, 1, 5)(3, 0, 1, 12)",0.2870654823564052
"(5, 2, 5)(3, 0, 1, 12)",0.3191813612531187
"(5, 1, 7)(3, 0, 1, 12)",0.2862957940931365
"(5, 2, 7)(3, 0, 1, 12)",0.39297241214595674
"(7, 1, 1)(3, 0, 1, 12)",0.20406727214273668
"(7, 2, 1)(3, 0, 1, 12)",0.5581805418216644
"(7, 1, 2)(3, 0, 1, 12)",0.224512567207657
"(7, 2, 2)(3, 0, 1, 12)",0.1776727530420114
"(7, 1, 3)(3, 0, 1, 12)",0.20405687275523746
"(7, 2, 3)(3, 0, 1, 12)",0.4796057909406836
"(7, 1, 4)(3, 0, 1, 12)",0.25342720474678104
"(7, 2, 4)(3, 0, 1, 12)",5.734565055481594e+33
"(7, 1, 5)(3, 0, 1, 12)",0.22162151601563945
"(7, 2, 5)(3, 0, 1, 12)",0.353261177154771
"(7, 1, 7)(3, 0, 1, 12)",0.19636980798504056
"(7, 2, 7)(3, 0, 1, 12)",0.4945333672296454
"(1, 1, 1)(3, 1, 1, 12)",0.43206190260540195
"(1, 2, 1)(3, 1, 1, 12)",0.1738261795561233
"(1, 1, 2)(3, 1, 1, 12)",0.24940353860364003
"(1, 2, 2)(3, 1, 1, 12)",0.20984926418005143
"(1, 1, 3)(3, 1, 1, 12)",0.20422913093565803
"(1, 2, 3)(3, 1, 1, 12)",0.21312556024445417
"(1, 1, 4)(3, 1, 1, 12)",0.20742504818020277
"(1, 2, 4)(3, 1, 1, 12)",0.2122972795379963
"(1, 1, 5)(3, 1, 1, 12)",0.2729071325536592
"(1, 2, 5)(3, 1, 1, 12)",0.21733752592468583
"(1, 1, 7)(3, 1, 1, 12)",0.2695252420812248
"(1, 2, 7)(3, 1, 1, 12)",0.1829115668227805
"(2, 1, 1)(3, 1, 1, 12)",0.23813614145336492
"(2, 2, 1)(3, 1, 1, 12)",0.1951548882809147
"(2, 1, 2)(3, 1, 1, 12)",0.22768713068922733
"(2, 2, 2)(3, 1, 1, 12)",0.18966235651708815
"(2, 1, 3)(3, 1, 1, 12)",0.2100386467602058
"(2, 2, 3)(3, 1, 1, 12)",0.1707548071221699
"(2, 1, 4)(3, 1, 1, 12)",0.2026109040872738
"(2, 2, 4)(3, 1, 1, 12)",0.2129639964790525
"(2, 1, 5)(3, 1, 1, 12)",0.24728098468112397
"(2, 2, 5)(3, 1, 1, 12)",0.2648708763242843
"(2, 1, 7)(3, 1, 1, 12)",0.2608268787586279
"(2, 2, 7)(3, 1, 1, 12)",0.20567403317143781
"(3, 1, 1)(3, 1, 1, 12)",0.22515462946085632
"(3, 2, 1)(3, 1, 1, 12)",0.41157953455599067
"(3, 1, 2)(3, 1, 1, 12)",0.25638310450380347
"(3, 2, 2)(3, 1, 1, 12)",0.1746560081740152
"(3, 1, 3)(3, 1, 1, 12)",0.22410889238260945
"(3, 2, 3)(3, 1, 1, 12)",0.21961465000812327
"(3, 1, 4)(3, 1, 1, 12)",0.27131109712390866
"(3, 2, 4)(3, 1, 1, 12)",0.2931077530091337
"(3, 1, 5)(3, 1, 1, 12)",0.2049258731346047
"(3, 2, 5)(3, 1, 1, 12)",0.1916177340037287
"(3, 1, 7)(3, 1, 1, 12)",0.2843367996958075
"(3, 2, 7)(3, 1, 1, 12)",0.19460434449799793
"(5, 1, 1)(3, 1, 1, 12)",0.2194556862528928
"(5, 2, 1)(3, 1, 1, 12)",0.17992305577027423
"(5, 1, 2)(3, 1, 1, 12)",0.22724984573638757
"(5, 2, 2)(3, 1, 1, 12)",0.20023544291782516
"(5, 1, 3)(3, 1, 1, 12)",0.23375940594634728
"(5, 2, 3)(3, 1, 1, 12)",0.34307367477038625
"(5, 1, 4)(3, 1, 1, 12)",0.3477391351486081
"(5, 2, 4)(3, 1, 1, 12)",0.16989050337612985
"(5, 1, 5)(3, 1, 1, 12)",0.30628973583814334
"(5, 2, 5)(3, 1, 1, 12)",0.6738827955300534
"(5, 1, 7)(3, 1, 1, 12)",0.2859110435732317
"(5, 2, 7)(3, 1, 1, 12)",0.32761243157238895
"(7, 1, 1)(3, 1, 1, 12)",0.24848988187900264
"(7, 2, 1)(3, 1, 1, 12)",0.4368030046585823
"(7, 1, 2)(3, 1, 1, 12)",0.25299360036629825
"(7, 2, 2)(3, 1, 1, 12)",0.27436908690277956
"(7, 1, 3)(3, 1, 1, 12)",0.16488965023428234
"(7, 2, 3)(3, 1, 1, 12)",0.15583615937368772
"(7, 1, 4)(3, 1, 1, 12)",1.8093753068496982e+65
"(7, 2, 4)(3, 1, 1, 12)",15987.95007687006
"(7, 1, 5)(3, 1, 1, 12)",0.26623131336072076
"(7, 2, 5)(3, 1, 1, 12)",0.6900823587269395
"(7, 1, 7)(3, 1, 1, 12)",0.31818470733334275
"(7, 2, 7)(3, 1, 1, 12)",0.34117840597808785
"(1, 1, 1)(3, 0, 2, 12)",0.385920779011374
"(1, 2, 1)(3, 0, 2, 12)",0.22565367644865594
"(1, 1, 2)(3, 0, 2, 12)",0.23591311341933388
"(1, 2, 2)(3, 0, 2, 12)",0.3194299448989923
"(1, 1, 3)(3, 0, 2, 12)",0.38169217332367417
"(1, 2, 3)(3, 0, 2, 12)",0.3065956767315565
"(1, 1, 4)(3, 0, 2, 12)",0.19237668890337606
"(1, 2, 4)(3, 0, 2, 12)",0.3425023800123657
"(1, 1, 5)(3, 0, 2, 12)",0.22611675352672586
"(1, 2, 5)(3, 0, 2, 12)",0.1899195719100934
"(1, 1, 7)(3, 0, 2, 12)",0.24476405336146811
"(1, 2, 7)(3, 0, 2, 12)",0.18951274156598927
"(2, 1, 1)(3, 0, 2, 12)",0.2496069103435113
"(2, 2, 1)(3, 0, 2, 12)",0.24943405257924517
"(2, 1, 2)(3, 0, 2, 12)",0.16908768729679813
"(2, 2, 2)(3, 0, 2, 12)",0.28133520757847724
"(2, 1, 3)(3, 0, 2, 12)",0.20873296888319318
"(2, 2, 3)(3, 0, 2, 12)",0.38678587597374725
"(2, 1, 4)(3, 0, 2, 12)",0.36807976289025307
"(2, 2, 4)(3, 0, 2, 12)",0.3447262760587924
"(2, 1, 5)(3, 0, 2, 12)",0.27526015900866724
"(2, 2, 5)(3, 0, 2, 12)",0.39680937318088266
"(2, 1, 7)(3, 0, 2, 12)",0.24603376228795085
"(2, 2, 7)(3, 0, 2, 12)",0.18474718174797403
"(3, 1, 1)(3, 0, 2, 12)",0.22113078066719052
"(3, 2, 1)(3, 0, 2, 12)",0.2507877075820307
"(3, 1, 2)(3, 0, 2, 12)",0.214894312564776
"(3, 2, 2)(3, 0, 2, 12)",0.21734646290953302
"(3, 1, 3)(3, 0, 2, 12)",0.2526455048833565
"(3, 2, 3)(3, 0, 2, 12)",0.3418795918258552
"(3, 1, 4)(3, 0, 2, 12)",0.30493037568742803
"(3, 2, 4)(3, 0, 2, 12)",0.2036455856657243
"(3, 1, 5)(3, 0, 2, 12)",0.3328640881912515
"(3, 2, 5)(3, 0, 2, 12)",0.3386961479711291
"(3, 1, 7)(3, 0, 2, 12)",0.2457732484446942
"(3, 2, 7)(3, 0, 2, 12)",0.19518841470743153
"(5, 1, 1)(3, 0, 2, 12)",0.1945405467004776
"(5, 2, 1)(3, 0, 2, 12)",0.3857828997425917
"(5, 1, 2)(3, 0, 2, 12)",0.18491869078688142
"(5, 2, 2)(3, 0, 2, 12)",0.19428831339498404
"(5, 1, 3)(3, 0, 2, 12)",0.17725871678100028
"(5, 2, 3)(3, 0, 2, 12)",0.17549968542445868
"(5, 1, 4)(3, 0, 2, 12)",0.35386211987755883
"(5, 2, 4)(3, 0, 2, 12)",0.3898611890827228
"(5, 1, 5)(3, 0, 2, 12)",0.31465670646357474
"(5, 2, 5)(3, 0, 2, 12)",0.3297916830992979
"(5, 1, 7)(3, 0, 2, 12)",0.24393194479695107
"(5, 2, 7)(3, 0, 2, 12)",0.36773867479400013
"(7, 1, 1)(3, 0, 2, 12)",0.18872331969395187
"(7, 2, 1)(3, 0, 2, 12)",0.4920408002101861
"(7, 1, 2)(3, 0, 2, 12)",0.19438350115802708
"(7, 2, 2)(3, 0, 2, 12)",0.1780716460780484
"(7, 1, 3)(3, 0, 2, 12)",0.18234063096830616
"(7, 2, 3)(3, 0, 2, 12)",0.3799757671668336
"(7, 1, 4)(3, 0, 2, 12)",0.2350466518050086
"(7, 2, 4)(3, 0, 2, 12)",5.56189222203123e+33
"(7, 1, 5)(3, 0, 2, 12)",0.17773861303936153
"(7, 2, 5)(3, 0, 2, 12)",0.3259377149802099
"(7, 1, 7)(3, 0, 2, 12)",0.18917990778650656
"(7, 2, 7)(3, 0, 2, 12)",0.3127311354934358
"(1, 1, 1)(3, 1, 2, 12)",0.3915487462314973
"(1, 2, 1)(3, 1, 2, 12)",0.2016094137976433
"(1, 1, 2)(3, 1, 2, 12)",0.25695861185104896
"(1, 2, 2)(3, 1, 2, 12)",0.3461275040443
"(1, 1, 3)(3, 1, 2, 12)",0.22408779102205037
"(1, 2, 3)(3, 1, 2, 12)",0.28376763298305785
"(1, 1, 4)(3, 1, 2, 12)",0.222571593135945
"(1, 2, 4)(3, 1, 2, 12)",0.355203240967097
"(1, 1, 5)(3, 1, 2, 12)",0.24369558128383206
"(1, 2, 5)(3, 1, 2, 12)",0.34506304186474873
"(1, 1, 7)(3, 1, 2, 12)",0.2280431403465863
"(1, 2, 7)(3, 1, 2, 12)",0.3260689916224494
"(2, 1, 1)(3, 1, 2, 12)",0.28831093520448475
"(2, 2, 1)(3, 1, 2, 12)",0.24888288141002346
"(2, 1, 2)(3, 1, 2, 12)",0.24076514738940372
"(2, 2, 2)(3, 1, 2, 12)",0.20623201106490371
"(2, 1, 3)(3, 1, 2, 12)",0.20908218667764053
"(2, 2, 3)(3, 1, 2, 12)",0.35140052870991945
"(2, 1, 4)(3, 1, 2, 12)",0.23442580606632943
"(2, 2, 4)(3, 1, 2, 12)",0.25902066150081765
"(2, 1, 5)(3, 1, 2, 12)",0.21887688354787108
"(2, 2, 5)(3, 1, 2, 12)",0.18762702998118416
"(2, 1, 7)(3, 1, 2, 12)",0.23074051729798795
"(2, 2, 7)(3, 1, 2, 12)",0.34223549948243726
"(3, 1, 1)(3, 1, 2, 12)",0.29023822659755877
"(3, 2, 1)(3, 1, 2, 12)",0.29848308696324305
"(3, 1, 2)(3, 1, 2, 12)",0.27518837252789863
"(3, 2, 2)(3, 1, 2, 12)",0.3479170069931696
"(3, 1, 3)(3, 1, 2, 12)",0.22042241726597792
"(3, 2, 3)(3, 1, 2, 12)",0.35005699958716097
"(3, 1, 4)(3, 1, 2, 12)",0.22166301685187784
"(3, 2, 4)(3, 1, 2, 12)",0.2952105931486991
"(3, 1, 5)(3, 1, 2, 12)",0.22611802079721682
"(3, 2, 5)(3, 1, 2, 12)",0.3306362367621462
"(3, 1, 7)(3, 1, 2, 12)",0.2707770983148614
"(3, 2, 7)(3, 1, 2, 12)",0.3624841548940509
"(5, 1, 1)(3, 1, 2, 12)",0.22863019398201884
"(5, 2, 1)(3, 1, 2, 12)",0.32312329751903485
"(5, 1, 2)(3, 1, 2, 12)",0.2422012847725049
"(5, 2, 2)(3, 1, 2, 12)",0.33015225951883836
"(5, 1, 3)(3, 1, 2, 12)",0.23805569051687672
"(5, 2, 3)(3, 1, 2, 12)",0.38840470966905005
"(5, 1, 4)(3, 1, 2, 12)",0.28335427230524396
"(5, 2, 4)(3, 1, 2, 12)",0.3630382298509774
"(5, 1, 5)(3, 1, 2, 12)",0.3025411686519258
"(5, 2, 5)(3, 1, 2, 12)",0.544131048777287
"(5, 1, 7)(3, 1, 2, 12)",0.23508890952885142
"(5, 2, 7)(3, 1, 2, 12)",0.3906190206915304
"(7, 1, 1)(3, 1, 2, 12)",0.24020672372222035
"(7, 2, 1)(3, 1, 2, 12)",0.3410071930671381
"(7, 1, 2)(3, 1, 2, 12)",0.23909053314751988
"(7, 2, 2)(3, 1, 2, 12)",0.33390909312185735
"(7, 1, 3)(3, 1, 2, 12)",0.23507478659327818
"(7, 2, 3)(3, 1, 2, 12)",0.1802750334470374
"(7, 1, 4)(3, 1, 2, 12)",1.3972734008525523e+65
"(7, 2, 4)(3, 1, 2, 12)",2281.2366106985005
"(7, 1, 5)(3, 1, 2, 12)",0.23041334487613963
"(7, 2, 5)(3, 1, 2, 12)",0.5303667175593937
"(7, 1, 7)(3, 1, 2, 12)",0.30499504936500454
"(7, 2, 7)(3, 1, 2, 12)",0.2899123757148081
